"SampleID"	"L1"	"L2"	"L3"	"L4"	"L5"	"L6"	"Memb.Total"	"Memb.QC"	"Lev.1.Memb"	"Lev.1.Name"	"Lev.2.Memb"	"Lev.2.Name"	"Lev.Memb.Diff"	"Lev.Memb.close"	"Lev.Prop.Num"	"Lev.Prop.Nar"
"10000"	0	0	0	1	0	0	1	"PASS"	1	4	0	NA	1	NA	4	"4"
"10001"	0	0	0	0	1	0	1	"PASS"	1	5	0	NA	1	NA	5	"5"
"10002"	0	0.75	0.25	0	0	0	1	"PASS"	0.75	2	0.25	3	0.5	NA	2.25	"2-"
"10003"	0.609375	0.390625	0	0	0	0	1	"PASS"	0.609375	1	0.390625	2	0.21875	NA	1.390625	"1-"
"10004"	0.013157894736842	0.5	0.48684211	0	0	0	1	"PASS"	0.5	2	0.48684211	3	0.01315789	"tie"	2.47368422473684	"2/3 tie"
"10124"	0	0	0	0	1	0	1	"PASS"	1	5	0	NA	1	NA	5	"5"
"10496"	0	0	0	0	0	1	1	"PASS"	1	6	0	NA	1	NA	6	"6"
"10498"	0	0	0.15201465201465	0.84798535	0	0	1	"PASS"	0.84798535	4	0.15201465201465	3	0.69597069798535	NA	3.84798535604395	"4+"
"10500"	0	0	0.5	0.5	0	0	1	"PASS"	0.5	3	0.5	4	0	"tie"	3.5	"3/4 tie"
"10501"	0	0	1	0	0	0	1	"PASS"	1	3	0	NA	1	NA	3	"3"
"10508"	0	0	1	0	0	0	1	"PASS"	1	3	0	NA	1	NA	3	"3"
"10582"	0	0	0	0	1	0	1	"PASS"	1	5	0	NA	1	NA	5	"5"
"10583"	0	0	0	1	0	0	1	"PASS"	1	4	0	NA	1	NA	4	"4"
"10589"	0	0.31818181818182	0.68181818	0	0	0	1	"PASS"	0.68181818	3	0.31818181818182	2	0.36363636181818	NA	2.68181817636364	"3+"
"10590"	0	0	0.0548780487804875	0.94512195	0	0	1	"PASS"	0.94512195	4	0.0548780487804875	3	0.890243901219512	NA	3.94512194634146	"4+"
"10628"	0	1	0	0	0	0	1	"PASS"	1	2	0	NA	1	NA	2	"2"
"10629"	0	0	0	1	0	0	1	"PASS"	1	4	0	NA	1	NA	4	"4"
"10630"	0	0.25	0.75	0	0	0	1	"PASS"	0.75	3	0.25	2	0.5	NA	2.75	"3+"
"10712"	0	0	0	1	0	0	1	"PASS"	1	4	0	NA	1	NA	4	"4"
"10714"	0	0	0	1	0	0	1	"PASS"	1	4	0	NA	1	NA	4	"4"
"10716"	0	0	0	1	0	0	1	"PASS"	1	4	0	NA	1	NA	4	"4"
"10717"	0	0	0	1	0	0	1	"PASS"	1	4	0	NA	1	NA	4	"4"
"10754"	1	0	0	0	0	0	1	"PASS"	1	1	0	NA	1	NA	1	"1"
"10759"	0	0	0	0	1	0	1	"PASS"	1	5	0	NA	1	NA	5	"5"
"10802"	0	0	0.806122448979592	0.19387755	0	0	1	"PASS"	0.806122448979592	3	0.19387755	4	0.612244898979592	NA	3.19387754693878	"3-"
"10804"	0	0	0	1	0	0	1	"PASS"	1	4	0	NA	1	NA	4	"4"
"10861"	0	0	0	0.94444444444444	0.05555556	0	1	"PASS"	0.94444444444444	4	0.05555556	5	0.88888888444444	NA	4.05555557777776	"4-"
"10863"	0	0	1	0	0	0	1	"PASS"	1	3	0	NA	1	NA	3	"3"
"10864"	0	0	1	0	0	0	1	"PASS"	1	3	0	NA	1	NA	3	"3"
"10974"	0	0	0.731788079470198	0.26821192	0	0	1	"PASS"	0.731788079470198	3	0.26821192	4	0.463576159470198	NA	3.26821191841059	"3-"
"10979"	0	0	1	0	0	0	1	"PASS"	1	3	0	NA	1	NA	3	"3"
"10986"	0	0.29136690647482	0.70863309	0	0	0	1	"PASS"	0.70863309	3	0.29136690647482	2	0.41726618352518	NA	2.70863308294964	"3+"
"10990"	0	0	0	0	1	0	1	"PASS"	1	5	0	NA	1	NA	5	"5"
"10993"	0	0	1	0	0	0	1	"PASS"	1	3	0	NA	1	NA	3	"3"
"10994"	0	0	0	0	1	0	1	"PASS"	1	5	0	NA	1	NA	5	"5"
"10995"	0	0.75	0.25	0	0	0	1	"PASS"	0.75	2	0.25	3	0.5	NA	2.25	"2-"
"10998"	0	0	0	1	0	0	1	"PASS"	1	4	0	NA	1	NA	4	"4"
"11066"	0	0.093816631130065	0.843816631130065	0.06236674	0	0	1	"PASS"	0.843816631130065	3	0.093816631130065	2	0.75	NA	2.96855011565032	"3+"
"11067"	0.75	0.25	0	0	0	0	1	"PASS"	0.75	1	0.25	2	0.5	NA	1.25	"1-"
"11069"	0	0	0	1	0	0	1	"PASS"	1	4	0	NA	1	NA	4	"4"
"11122"	0	0.20731707317073	0.79268293	0	0	0	1	"PASS"	0.79268293	3	0.20731707317073	2	0.58536585682927	NA	2.79268293634146	"3+"
"11164"	0	0	0	0	1	0	1	"PASS"	1	5	0	NA	1	NA	5	"5"
"11165"	0	0	0	0.77586206896552	0.22413793	0	1	"PASS"	0.77586206896552	4	0.22413793	5	0.55172413896552	NA	4.22413792586208	"4-"
"11172"	0	0	1	0	0	0	1	"PASS"	1	3	0	NA	1	NA	3	"3"
"11224"	0	0	0	1	0	0	1	"PASS"	1	4	0	NA	1	NA	4	"4"
"11225"	0	0	0.25	0.75	0	0	1	"PASS"	0.75	4	0.25	3	0.5	NA	3.75	"4+"
"11227"	0	0	0	0.666666666666667	0.33333333	0	1	"PASS"	0.666666666666667	4	0.33333333	5	0.333333336666667	NA	4.33333331666667	"4-"
"11228"	0	0	0.586887835703002	0.41311216	0	0	1	"PASS"	0.586887835703002	3	0.41311216	4	0.173775675703002	"yes"	3.413112147109	"3-"
"11229"	0	0.51923076923077	0.48076923	0	0	0	1	"PASS"	0.51923076923077	2	0.48076923	3	0.0384615392307701	"tie"	2.48076922846154	"2/3 tie"
"11240"	0	0	0	1	0	0	1	"PASS"	1	4	0	NA	1	NA	4	"4"
"11481"	0	0	0	0	1	0	1	"PASS"	1	5	0	NA	1	NA	5	"5"
"11483"	0	0	0.457627118644068	0.54237288	0	0	1	"PASS"	0.54237288	4	0.457627118644068	3	0.0847457613559316	"tie"	3.5423728759322	"4/3 tie"
"11564"	0	0.25	0.75	0	0	0	1	"PASS"	0.75	3	0.25	2	0.5	NA	2.75	"3+"
"12003"	0	0	0	1	0	0	1	"PASS"	1	4	0	NA	1	NA	4	"4"
"12004"	0	0	0	0	1	0	1	"PASS"	1	5	0	NA	1	NA	5	"5"
"12099"	0	0.21597633136095	0.78402367	0	0	0	1	"PASS"	0.78402367	3	0.21597633136095	2	0.56804733863905	NA	2.7840236727219	"3+"
"12223"	0	0	1	0	0	0	1	"PASS"	1	3	0	NA	1	NA	3	"3"
"12243"	0	0	0.5	0.5	0	0	1	"PASS"	0.5	3	0.5	4	0	"tie"	3.5	"3/4 tie"
"12534"	0	0	0	1	0	0	1	"PASS"	1	4	0	NA	1	NA	4	"4"
"12535"	0	0	0	0	1	0	1	"PASS"	1	5	0	NA	1	NA	5	"5"
"12536"	0	0	0.0222222222222199	0.97777778	0	0	1	"PASS"	0.97777778	4	0.0222222222222199	3	0.95555555777778	NA	3.97777778666666	"4+"
"12537"	0	0	0.75	0.25	0	0	1	"PASS"	0.75	3	0.25	4	0.5	NA	3.25	"3-"
"12538"	0	0.86363636363636	0.13636364	0	0	0	1	"PASS"	0.86363636363636	2	0.13636364	3	0.72727272363636	NA	2.13636364727272	"2-"
"12540"	0	0	0	0	1	0	1	"PASS"	1	5	0	NA	1	NA	5	"5"
"12541"	0	0	0.5	0.5	0	0	1	"PASS"	0.5	3	0.5	4	0	"tie"	3.5	"3/4 tie"
"12542"	0	0	1	0	0	0	1	"PASS"	1	3	0	NA	1	NA	3	"3"
"12569"	0	0	0	0.43939393939394	0.56060606	0	1	"PASS"	0.56060606	5	0.43939393939394	4	0.12121212060606	"yes"	4.56060605757576	"5+"
"12570"	0	0	1	0	0	0	1	"PASS"	1	3	0	NA	1	NA	3	"3"
"12595"	0	0	0	0	1	0	1	"PASS"	1	5	0	NA	1	NA	5	"5"
"12597"	0	0	0	1	0	0	1	"PASS"	1	4	0	NA	1	NA	4	"4"
"12598"	0	0.20063694267516	0.79936306	0	0	0	1	"PASS"	0.79936306	3	0.20063694267516	2	0.59872611732484	NA	2.79936306535032	"3+"
"12676"	0	0	0	0	1	0	1	"PASS"	1	5	0	NA	1	NA	5	"5"
"12677"	0	0	1	0	0	0	1	"PASS"	1	3	0	NA	1	NA	3	"3"
"12678"	0	0	0.30350553505535	0.69649446	0	0	1	"PASS"	0.69649446	4	0.30350553505535	3	0.39298892494465	NA	3.69649444516605	"4+"
"12679"	0	0	0.628205128205133	0.37179487	0	0	1	"PASS"	0.628205128205133	3	0.37179487	4	0.256410258205133	NA	3.3717948646154	"3-"
"12680"	0	0	0.386942675159235	0.61305732	0	0	1	"PASS"	0.61305732	4	0.386942675159235	3	0.226114644840765	NA	3.6130573054777	"4+"
"12681"	0	0	0	1	0	0	1	"PASS"	1	4	0	NA	1	NA	4	"4"
"12683"	0	0	0	0	0	1	1	"PASS"	1	6	0	NA	1	NA	6	"6"
"12684"	0	0	0	1	0	0	1	"PASS"	1	4	0	NA	1	NA	4	"4"
"12685"	0	0	1	0	0	0	1	"PASS"	1	3	0	NA	1	NA	3	"3"
"12686"	0	0	0	1	0	0	1	"PASS"	1	4	0	NA	1	NA	4	"4"
"12724"	0	0	0	1	0	0	1	"PASS"	1	4	0	NA	1	NA	4	"4"
"12725"	0	0	0	0	1	0	1	"PASS"	1	5	0	NA	1	NA	5	"5"
"12726"	0	0	0	1	0	0	1	"PASS"	1	4	0	NA	1	NA	4	"4"
"12727"	0	0	0	1	0	0	1	"PASS"	1	4	0	NA	1	NA	4	"4"
"12728"	0	0	1	0	0	0	1	"PASS"	1	3	0	NA	1	NA	3	"3"
"12729"	0	0.5	0.5	0	0	0	1	"PASS"	0.5	2	0.5	3	0	"tie"	2.5	"2/3 tie"
"12730"	0	0.5	0.5	0	0	0	1	"PASS"	0.5	2	0.5	3	0	"tie"	2.5	"2/3 tie"
"12731"	0	0.8046875	0.1953125	0	0	0	1	"PASS"	0.8046875	2	0.1953125	3	0.609375	NA	2.1953125	"2-"
"12732"	0	0	1	0	0	0	1	"PASS"	1	3	0	NA	1	NA	3	"3"
"12733"	0	0	0	0	1	0	1	"PASS"	1	5	0	NA	1	NA	5	"5"
"12734"	0	0	0	0	1	0	1	"PASS"	1	5	0	NA	1	NA	5	"5"
"12826"	0	0	0.305555555555555	0.69444444	0	0	1	"PASS"	0.69444444	4	0.305555555555555	3	0.388888884444445	NA	3.69444442666667	"4+"
"12827"	0	0.25	0.25	0.5	0	0	1	"PASS"	0.5	4	0.25	2	0.25	NA	3.25	"3-"
"12828"	0	0	1	0	0	0	1	"PASS"	1	3	0	NA	1	NA	3	"3"
"12829"	0	0	1	0	0	0	1	"PASS"	1	3	0	NA	1	NA	3	"3"
"12830"	0	0	0	1	0	0	1	"PASS"	1	4	0	NA	1	NA	4	"4"
"12831"	0	0.61111111111111	0.38888889	0	0	0	1	"PASS"	0.61111111111111	2	0.38888889	3	0.22222222111111	NA	2.38888889222222	"2-"
"12832"	0	0	0.75	0.25	0	0	1	"PASS"	0.75	3	0.25	4	0.5	NA	3.25	"3-"
"12833"	0	0	0.65714285714286	0.34285714	0	0	1	"PASS"	0.65714285714286	3	0.34285714	4	0.31428571714286	NA	3.34285713142858	"3-"
"12834"	0	0	0.3	0.7	0	0	1	"PASS"	0.7	4	0.3	3	0.4	NA	3.7	"4+"
"12897"	0	0	1	0	0	0	1	"PASS"	1	3	0	NA	1	NA	3	"3"
"12898"	0	0.11764705882353	0.88235294	0	0	0	1	"PASS"	0.88235294	3	0.11764705882353	2	0.76470588117647	NA	2.88235293764706	"3+"
"12899"	0	0	1	0	0	0	1	"PASS"	1	3	0	NA	1	NA	3	"3"
"12900"	0	0.25	0.25	0.5	0	0	1	"PASS"	0.5	4	0.25	2	0.25	NA	3.25	"3-"
"12901"	0	0	1	0	0	0	1	"PASS"	1	3	0	NA	1	NA	3	"3"
"12902"	0	0	0.75	0.25	0	0	1	"PASS"	0.75	3	0.25	4	0.5	NA	3.25	"3-"
"12990"	0	0.5	0.5	0	0	0	1	"PASS"	0.5	2	0.5	3	0	"tie"	2.5	"2/3 tie"
"12991"	0	0	0.5	0.5	0	0	1	"PASS"	0.5	3	0.5	4	0	"tie"	3.5	"3/4 tie"
"12992"	0	0	1	0	0	0	1	"PASS"	1	3	0	NA	1	NA	3	"3"
"12993"	1	0	0	0	0	0	1	"PASS"	1	1	0	NA	1	NA	1	"1"
"13037"	0	0	0	1	0	0	1	"PASS"	1	4	0	NA	1	NA	4	"4"
"13038"	0	0	0	1	0	0	1	"PASS"	1	4	0	NA	1	NA	4	"4"
"13039"	0	0	1	0	0	0	1	"PASS"	1	3	0	NA	1	NA	3	"3"
"13040"	0	0	0	0	1	0	1	"PASS"	1	5	0	NA	1	NA	5	"5"
"13041"	0	0.5	0.5	0	0	0	1	"PASS"	0.5	2	0.5	3	0	"tie"	2.5	"2/3 tie"
"13042"	0	0	0.2766323024055	0.7233677	0	0	1	"PASS"	0.7233677	4	0.2766323024055	3	0.4467353975945	NA	3.7233677072165	"4+"
"13043"	0	0.21428571428571	0.5	0.28571429	0	0	1	"PASS"	0.5	3	0.28571429	4	0.21428571	NA	3.07142858857142	"3-"
"13044"	0	0	1	0	0	0	1	"PASS"	1	3	0	NA	1	NA	3	"3"
"13045"	0	0	0.5	0.5	0	0	1	"PASS"	0.5	3	0.5	4	0	"tie"	3.5	"3/4 tie"
"13070"	0	0	0	1	0	0	1	"PASS"	1	4	0	NA	1	NA	4	"4"
"13102"	0	0.72222222222222	0.27777778	0	0	0	1	"PASS"	0.72222222222222	2	0.27777778	3	0.44444444222222	NA	2.27777778444444	"2-"
"13103"	0	0	0	1	0	0	1	"PASS"	1	4	0	NA	1	NA	4	"4"
"13104"	0	0	0	1	0	0	1	"PASS"	1	4	0	NA	1	NA	4	"4"
"13105"	0	0	0	1	0	0	1	"PASS"	1	4	0	NA	1	NA	4	"4"
"13106"	0	0	0.25	0.75	0	0	1	"PASS"	0.75	4	0.25	3	0.5	NA	3.75	"4+"
"13107"	0	0	0	0	1	0	1	"PASS"	1	5	0	NA	1	NA	5	"5"
"13108"	0	1	0	0	0	0	1	"PASS"	1	2	0	NA	1	NA	2	"2"
"13109"	0	0	0	1	0	0	1	"PASS"	1	4	0	NA	1	NA	4	"4"
"13146"	0	0.0894039735099299	0.91059603	0	0	0	1	"PASS"	0.91059603	3	0.0894039735099299	2	0.82119205649007	NA	2.91059603701986	"3+"
"13147"	0	0	0	1	0	0	1	"PASS"	1	4	0	NA	1	NA	4	"4"
"13148"	0	0	0.5	0.5	0	0	1	"PASS"	0.5	3	0.5	4	0	"tie"	3.5	"3/4 tie"
"13149"	0	0	0.5	0.5	0	0	1	"PASS"	0.5	3	0.5	4	0	"tie"	3.5	"3/4 tie"
"13150"	0	0	0.554347826086957	0.44565217	0	0	1	"PASS"	0.554347826086957	3	0.44565217	4	0.108695656086957	"yes"	3.44565215826087	"3-"
"13152"	0	0	0	0	1	0	1	"PASS"	1	5	0	NA	1	NA	5	"5"
"13153"	0	0	0	1	0	0	1	"PASS"	1	4	0	NA	1	NA	4	"4"
"13154"	0	0	0	1	0	0	1	"PASS"	1	4	0	NA	1	NA	4	"4"
"13155"	0	0	0	1	0	0	1	"PASS"	1	4	0	NA	1	NA	4	"4"
"13156"	0	0	0	1	0	0	1	"PASS"	1	4	0	NA	1	NA	4	"4"
"13157"	0	0	0	0	1	0	1	"PASS"	1	5	0	NA	1	NA	5	"5"
"13158"	0	0	0	1	0	0	1	"PASS"	1	4	0	NA	1	NA	4	"4"
"13159"	0	0	0	1	0	0	1	"PASS"	1	4	0	NA	1	NA	4	"4"
"13199"	0	0	1	0	0	0	1	"PASS"	1	3	0	NA	1	NA	3	"3"
"13200"	0	0	0.25	0.75	0	0	1	"PASS"	0.75	4	0.25	3	0.5	NA	3.75	"4+"
"13201"	0	0	1	0	0	0	1	"PASS"	1	3	0	NA	1	NA	3	"3"
"13202"	0	0.4047619047619	0.5952381	0	0	0	1	"PASS"	0.5952381	3	0.4047619047619	2	0.1904761952381	"yes"	2.5952381095238	"3+"
"13203"	0	0	1	0	0	0	1	"PASS"	1	3	0	NA	1	NA	3	"3"
"13244"	0	0	1	0	0	0	1	"PASS"	1	3	0	NA	1	NA	3	"3"
"13245"	0	0	0	0	1	0	1	"PASS"	1	5	0	NA	1	NA	5	"5"
"13246"	0	0	0	0	1	0	1	"PASS"	1	5	0	NA	1	NA	5	"5"
"13247"	0	0	0	1	0	0	1	"PASS"	1	4	0	NA	1	NA	4	"4"
"13277"	0	0.44117647058824	0.55882353	0	0	0	1	"PASS"	0.55882353	3	0.44117647058824	2	0.11764705941176	"yes"	2.55882353117648	"3+"
"13278"	0	1	0	0	0	0	1	"PASS"	1	2	0	NA	1	NA	2	"2"
"13279"	0	0	0.5	0.5	0	0	1	"PASS"	0.5	3	0.5	4	0	"tie"	3.5	"3/4 tie"
"13280"	0	0.54347826086957	0.45652174	0	0	0	1	"PASS"	0.54347826086957	2	0.45652174	3	0.0869565208695698	"tie"	2.45652174173914	"2/3 tie"
"13281"	1	0	0	0	0	0	1	"PASS"	1	1	0	NA	1	NA	1	"1"
"13282"	0	1	0	0	0	0	1	"PASS"	1	2	0	NA	1	NA	2	"2"
"13302"	0	0	0.65714285714286	0.34285714	0	0	1	"PASS"	0.65714285714286	3	0.34285714	4	0.31428571714286	NA	3.34285713142858	"3-"
"13303"	0	0.0625	0.9375	0	0	0	1	"PASS"	0.9375	3	0.0625	2	0.875	NA	2.9375	"3+"
"13305"	0	0	0	1	0	0	1	"PASS"	1	4	0	NA	1	NA	4	"4"
"13307"	0	0	0.848837209302325	0.15116279	0	0	1	"PASS"	0.848837209302325	3	0.15116279	4	0.697674419302325	NA	3.15116278790698	"3-"
"13308"	0	0	1	0	0	0	1	"PASS"	1	3	0	NA	1	NA	3	"3"
"13309"	0	0.246231155778895	0.75376884	0	0	0	1	"PASS"	0.75376884	3	0.246231155778895	2	0.507537684221105	NA	2.75376883155779	"3+"
"13310"	0	0	0.786624203821657	0.2133758	0	0	1	"PASS"	0.786624203821657	3	0.2133758	4	0.573248403821657	NA	3.21337581146497	"3-"
"13311"	0	0	0.46666666666666	0.53333333	0	0	1	"PASS"	0.53333333	4	0.46666666666666	3	0.0666666633333404	"tie"	3.53333331999998	"4/3 tie"
"13312"	0	0.789915966386554	0.21008403	0	0	0	1	"PASS"	0.789915966386554	2	0.21008403	3	0.579831936386555	NA	2.21008402277311	"2-"
"13313"	0	0	0	1	0	0	1	"PASS"	1	4	0	NA	1	NA	4	"4"
"13314"	0	0.5	0.5	0	0	0	1	"PASS"	0.5	2	0.5	3	0	"tie"	2.5	"2/3 tie"
"13354"	0	0	0.772727272727272	0.22727273	0	0	1	"PASS"	0.772727272727272	3	0.22727273	4	0.545454542727272	NA	3.22727273818182	"3-"
"13692"	0	0	0.3729446935725	0.62705531	0	0	1	"PASS"	0.62705531	4	0.3729446935725	3	0.2541106164275	NA	3.6270553207175	"4+"
"13694"	0	0	0	1	0	0	1	"PASS"	1	4	0	NA	1	NA	4	"4"
"13695"	1	0	0	0	0	0	1	"PASS"	1	1	0	NA	1	NA	1	"1"
"13763"	0	0	0	0.5625	0.4375	0	1	"PASS"	0.5625	4	0.4375	5	0.125	"yes"	4.4375	"4-"
"13764"	0	0	0	0	1	0	1	"PASS"	1	5	0	NA	1	NA	5	"5"
"13765"	0	0	0	0	1	0	1	"PASS"	1	5	0	NA	1	NA	5	"5"
"13766"	0	0	0	1	0	0	1	"PASS"	1	4	0	NA	1	NA	4	"4"
"13795"	0	1	0	0	0	0	1	"PASS"	1	2	0	NA	1	NA	2	"2"
"13876"	0	0	0	1	0	0	1	"PASS"	1	4	0	NA	1	NA	4	"4"
"13877"	0	0.937185929648241	0.06281407	0	0	0	1	"PASS"	0.937185929648241	2	0.06281407	3	0.874371859648241	NA	2.06281406929648	"2-"
"13890"	0	0	0	0	1	0	1	"PASS"	1	5	0	NA	1	NA	5	"5"
"13891"	0	0	0	1	0	0	1	"PASS"	1	4	0	NA	1	NA	4	"4"
"14240"	0	0	1	0	0	0	1	"PASS"	1	3	0	NA	1	NA	3	"3"
"14241"	0	0	0	1	0	0	1	"PASS"	1	4	0	NA	1	NA	4	"4"
"14242"	0	1	0	0	0	0	1	"PASS"	1	2	0	NA	1	NA	2	"2"
"14243"	0	0	1	0	0	0	1	"PASS"	1	3	0	NA	1	NA	3	"3"
"14244"	0	0	1	0	0	0	1	"PASS"	1	3	0	NA	1	NA	3	"3"
"14245"	0	0	0.450980392156867	0.54901961	0	0	1	"PASS"	0.54901961	4	0.450980392156867	3	0.0980392178431331	"tie"	3.5490196164706	"4/3 tie"
"14246"	0	0.440298507462688	0.55970149	0	0	0	1	"PASS"	0.55970149	3	0.440298507462688	2	0.119402982537313	"yes"	2.55970148492537	"3+"
"14247"	0	0.603174603174602	0.3968254	0	0	0	1	"PASS"	0.603174603174602	2	0.3968254	3	0.206349203174602	NA	2.3968254063492	"2-"
"14248"	0	0	0	1	0	0	1	"PASS"	1	4	0	NA	1	NA	4	"4"
"14249"	0	0.75	0.25	0	0	0	1	"PASS"	0.75	2	0.25	3	0.5	NA	2.25	"2-"
"14321"	0	1	0	0	0	0	1	"PASS"	1	2	0	NA	1	NA	2	"2"
"14322"	0	0.385245901639345	0.6147541	0	0	0	1	"PASS"	0.6147541	3	0.385245901639345	2	0.229508198360655	NA	2.61475410327869	"3+"
"14323"	0	0	1	0	0	0	1	"PASS"	1	3	0	NA	1	NA	3	"3"
"14324"	0	0	1	0	0	0	1	"PASS"	1	3	0	NA	1	NA	3	"3"
"14325"	0	0.06626506024096	0.93373494	0	0	0	1	"PASS"	0.93373494	3	0.06626506024096	2	0.86746987975904	NA	2.93373494048192	"3+"
"14326"	0	0.233128834355828	0.76687117	0	0	0	1	"PASS"	0.76687117	3	0.233128834355828	2	0.533742335644173	NA	2.76687117871166	"3+"
"14327"	0	0.096385542168675	0.90361446	0	0	0	1	"PASS"	0.90361446	3	0.096385542168675	2	0.807228917831325	NA	2.90361446433735	"3+"
"14328"	0	0.27536231884058	0.30072463768116	0.42391304	0	0	1	"PASS"	0.42391304	4	0.30072463768116	3	0.12318840231884	"yes"	3.14855071072464	"3-"
"14329"	0	0	1	0	0	0	1	"PASS"	1	3	0	NA	1	NA	3	"3"
"14330"	0	0	0.0767716535433074	0.92322835	0	0	1	"PASS"	0.92322835	4	0.0767716535433074	3	0.846456696456693	NA	3.92322836062992	"4+"
"14331"	0	0	1	0	0	0	1	"PASS"	1	3	0	NA	1	NA	3	"3"
"14332"	0	0	0.0833333333333333	0.91666667	0	0	1	"PASS"	0.91666667	4	0.0833333333333333	3	0.833333336666667	NA	3.91666668	"4+"
"14334"	0	1	0	0	0	0	1	"PASS"	1	2	0	NA	1	NA	2	"2"
"14335"	0	0	0	0	1	0	1	"PASS"	1	5	0	NA	1	NA	5	"5"
"14336"	0	0	0	1	0	0	1	"PASS"	1	4	0	NA	1	NA	4	"4"
"14337"	0	0	0.5	0.5	0	0	1	"PASS"	0.5	3	0.5	4	0	"tie"	3.5	"3/4 tie"
"14338"	0	0	0	1	0	0	1	"PASS"	1	4	0	NA	1	NA	4	"4"
"14339"	0	1	0	0	0	0	1	"PASS"	1	2	0	NA	1	NA	2	"2"
"14397"	0	1	0	0	0	0	1	"PASS"	1	2	0	NA	1	NA	2	"2"
"14398"	0	0	0	1	0	0	1	"PASS"	1	4	0	NA	1	NA	4	"4"
"14399"	0	1	0	0	0	0	1	"PASS"	1	2	0	NA	1	NA	2	"2"
"14400"	0	0	0	1	0	0	1	"PASS"	1	4	0	NA	1	NA	4	"4"
"14401"	0	0	0	0	1	0	1	"PASS"	1	5	0	NA	1	NA	5	"5"
"14402"	0	0.468085106382978	0.53191489	0	0	0	1	"PASS"	0.53191489	3	0.468085106382978	2	0.0638297836170225	"tie"	2.53191488276595	"3/2 tie"
"14403"	0	0	0.0833333333333333	0.91666667	0	0	1	"PASS"	0.91666667	4	0.0833333333333333	3	0.833333336666667	NA	3.91666668	"4+"
"14435"	0	0	0	1	0	0	1	"PASS"	1	4	0	NA	1	NA	4	"4"
"14436"	0	0	0	0	1	0	1	"PASS"	1	5	0	NA	1	NA	5	"5"
"14437"	0	0.879227053140097	0	0.12077295	0	0	1	"PASS"	0.879227053140097	2	0.12077295	4	0.758454103140097	NA	2.24154590628019	"2-"
"14438"	0	0	0	0	1	0	1	"PASS"	1	5	0	NA	1	NA	5	"5"
"14439"	0	0	1	0	0	0	1	"PASS"	1	3	0	NA	1	NA	3	"3"
"14440"	0	0	0.553763440860215	0.44623656	0	0	1	"PASS"	0.553763440860215	3	0.44623656	4	0.107526880860215	"yes"	3.44623656258065	"3-"
"14441"	0	0	0	0	1	0	1	"PASS"	1	5	0	NA	1	NA	5	"5"
"14460"	0	0	1	0	0	0	1	"PASS"	1	3	0	NA	1	NA	3	"3"
"14466"	0	0	0	1	0	0	1	"PASS"	1	4	0	NA	1	NA	4	"4"
"14467"	0	0	0	1	0	0	1	"PASS"	1	4	0	NA	1	NA	4	"4"
"14468"	0	0	0.5	0.5	0	0	1	"PASS"	0.5	3	0.5	4	0	"tie"	3.5	"3/4 tie"
"14469"	0	0	1	0	0	0	1	"PASS"	1	3	0	NA	1	NA	3	"3"
"14541"	0	0	0.75	0.25	0	0	1	"PASS"	0.75	3	0.25	4	0.5	NA	3.25	"3-"
"14542"	0	0	0	0	1	0	1	"PASS"	1	5	0	NA	1	NA	5	"5"
"14609"	0	0.392712550607287	0.60728745	0	0	0	1	"PASS"	0.60728745	3	0.392712550607287	2	0.214574899392712	NA	2.60728745121457	"3+"
"14610"	0	0	1	0	0	0	1	"PASS"	1	3	0	NA	1	NA	3	"3"
"14611"	0	0	1	0	0	0	1	"PASS"	1	3	0	NA	1	NA	3	"3"
"14612"	0	0	0	1	0	0	1	"PASS"	1	4	0	NA	1	NA	4	"4"
"14615"	0	0.93243243243243	0.06756757	0	0	0	1	"PASS"	0.93243243243243	2	0.06756757	3	0.86486486243243	NA	2.06756757486486	"2-"
"14616"	0	0	0.74390243902439	0.25609756	0	0	1	"PASS"	0.74390243902439	3	0.25609756	4	0.48780487902439	NA	3.25609755707317	"3-"
"14617"	0	0.137931034482757	0.86206897	0	0	0	1	"PASS"	0.86206897	3	0.137931034482757	2	0.724137935517243	NA	2.86206897896551	"3+"
"14618"	0	0	0.166666666666668	0.83333333	0	0	1	"PASS"	0.83333333	4	0.166666666666668	3	0.666666663333332	NA	3.83333332	"4+"
"14620"	0	0	0.5	0.5	0	0	1	"PASS"	0.5	3	0.5	4	0	"tie"	3.5	"3/4 tie"
"14658"	0	0	1	0	0	0	1	"PASS"	1	3	0	NA	1	NA	3	"3"
"14659"	0	0.64285714285714	0.35714286	0	0	0	1	"PASS"	0.64285714285714	2	0.35714286	3	0.28571428285714	NA	2.35714286571428	"2-"
"14685"	0	0	0.5	0.5	0	0	1	"PASS"	0.5	3	0.5	4	0	"tie"	3.5	"3/4 tie"
"14686"	0	0	1	0	0	0	1	"PASS"	1	3	0	NA	1	NA	3	"3"
"14687"	0	0	0	0.25	0.75	0	1	"PASS"	0.75	5	0.25	4	0.5	NA	4.75	"5+"
"14688"	0	0	0	0	1	0	1	"PASS"	1	5	0	NA	1	NA	5	"5"
"14689"	0	0	0	0	1	0	1	"PASS"	1	5	0	NA	1	NA	5	"5"
"14715"	0	0	1	0	0	0	1	"PASS"	1	3	0	NA	1	NA	3	"3"
"14717"	0	0	0	1	0	0	1	"PASS"	1	4	0	NA	1	NA	4	"4"
"14719"	0	0	1	0	0	0	1	"PASS"	1	3	0	NA	1	NA	3	"3"
"14723"	0	0	0.75	0.25	0	0	1	"PASS"	0.75	3	0.25	4	0.5	NA	3.25	"3-"
"14724"	0	0	0.5	0.5	0	0	1	"PASS"	0.5	3	0.5	4	0	"tie"	3.5	"3/4 tie"
"14726"	0	0	0	1	0	0	1	"PASS"	1	4	0	NA	1	NA	4	"4"
"14727"	0	0	1	0	0	0	1	"PASS"	1	3	0	NA	1	NA	3	"3"
"14764"	0	0	0	1	0	0	1	"PASS"	1	4	0	NA	1	NA	4	"4"
"14765"	0	0.6415770609319	0.35842294	0	0	0	1	"PASS"	0.6415770609319	2	0.35842294	3	0.2831541209319	NA	2.3584229418638	"2-"
"14766"	0	0.5	0.5	0	0	0	1	"PASS"	0.5	2	0.5	3	0	"tie"	2.5	"2/3 tie"
"14767"	0	0	1	0	0	0	1	"PASS"	1	3	0	NA	1	NA	3	"3"
"14768"	0	0	1	0	0	0	1	"PASS"	1	3	0	NA	1	NA	3	"3"
"14769"	0	0	0.75	0.25	0	0	1	"PASS"	0.75	3	0.25	4	0.5	NA	3.25	"3-"
"14770"	0	0	1	0	0	0	1	"PASS"	1	3	0	NA	1	NA	3	"3"
"14897"	0	0	1	0	0	0	1	"PASS"	1	3	0	NA	1	NA	3	"3"
"14898"	0	0	0	0	1	0	1	"PASS"	1	5	0	NA	1	NA	5	"5"
"14899"	0	0	1	0	0	0	1	"PASS"	1	3	0	NA	1	NA	3	"3"
"14900"	0	0	0.666666666666667	0.33333333	0	0	1	"PASS"	0.666666666666667	3	0.33333333	4	0.333333336666667	NA	3.33333332	"3-"
"14901"	0	0	0.3	0.7	0	0	1	"PASS"	0.7	4	0.3	3	0.4	NA	3.7	"4+"
"14940"	0	0	0	1	0	0	1	"PASS"	1	4	0	NA	1	NA	4	"4"
"14941"	0	0.576271186440678	0	0.42372881	0	0	1	"PASS"	0.576271186440678	2	0.42372881	4	0.152542376440678	"yes"	2.84745761288135	"3+"
"14942"	0	0	0	1	0	0	1	"PASS"	1	4	0	NA	1	NA	4	"4"
"14943"	0	0.5	0.5	0	0	0	1	"PASS"	0.5	2	0.5	3	0	"tie"	2.5	"2/3 tie"
"14944"	0	0	0.356194690265488	0	0.64380531	0	1	"PASS"	0.64380531	5	0.356194690265488	3	0.287610619734512	NA	4.28761062079646	"4-"
"14945"	0	0	1	0	0	0	1	"PASS"	1	3	0	NA	1	NA	3	"3"
"14946"	0	0.545454545454545	0.45454545	0	0	0	1	"PASS"	0.545454545454545	2	0.45454545	3	0.090909095454545	"tie"	2.45454544090909	"2/3 tie"
"14947"	0	0	1	0	0	0	1	"PASS"	1	3	0	NA	1	NA	3	"3"
"14948"	0	0.926253687315634	0.07374631	0	0	0	1	"PASS"	0.926253687315634	2	0.07374631	3	0.852507377315634	NA	2.07374630463127	"2-"
"14949"	0	0	0	1	0	0	1	"PASS"	1	4	0	NA	1	NA	4	"4"
"14950"	0	0.757281553398058	0.24271845	0	0	0	1	"PASS"	0.757281553398058	2	0.24271845	3	0.514563103398058	NA	2.24271845679612	"2-"
"14969"	0	0	0.800546448087432	0.19945355	0	0	1	"PASS"	0.800546448087432	3	0.19945355	4	0.601092898087432	NA	3.1994535442623	"3-"
"14970"	0	0	0	1	0	0	1	"PASS"	1	4	0	NA	1	NA	4	"4"
"14984"	0	0	0.6183970856102	0.38160291	0	0	1	"PASS"	0.6183970856102	3	0.38160291	4	0.2367941756102	NA	3.3816028968306	"3-"
"14985"	0	0	1	0	0	0	1	"PASS"	1	3	0	NA	1	NA	3	"3"
"14986"	0	0	0	1	0	0	1	"PASS"	1	4	0	NA	1	NA	4	"4"
"14987"	0	0	0	1	0	0	1	"PASS"	1	4	0	NA	1	NA	4	"4"
"15043"	0	0	0	0.78571428571429	0.21428571	0	1	"PASS"	0.78571428571429	4	0.21428571	5	0.57142857571429	NA	4.21428569285716	"4-"
"15044"	0.5	0.5	0	0	0	0	1	"PASS"	0.5	1	0.5	2	0	"tie"	1.5	"1/2 tie"
"15045"	0	0	1	0	0	0	1	"PASS"	1	3	0	NA	1	NA	3	"3"
"15057"	0	0.489795918367347	0.51020408	0	0	0	1	"PASS"	0.51020408	3	0.489795918367347	2	0.0204081616326525	"tie"	2.51020407673469	"3/2 tie"
"15058"	0	0.479166666666668	0.52083333	0	0	0	1	"PASS"	0.52083333	3	0.479166666666668	2	0.0416666633333325	"tie"	2.52083332333333	"3/2 tie"
"15094"	0	0	0	0.333333333333333	0.66666667	0	1	"PASS"	0.66666667	5	0.333333333333333	4	0.333333336666667	NA	4.66666668333333	"5+"
"15461"	0	0	0.617370892018783	0.38262911	0	0	1	"PASS"	0.617370892018783	3	0.38262911	4	0.234741782018783	NA	3.38262911605635	"3-"
"15462"	0	0	0.772727272727272	0.22727273	0	0	1	"PASS"	0.772727272727272	3	0.22727273	4	0.545454542727272	NA	3.22727273818182	"3-"
"15463"	0	0	0.5	0.5	0	0	1	"PASS"	0.5	3	0.5	4	0	"tie"	3.5	"3/4 tie"
"15464"	0	0	0.75	0.25	0	0	1	"PASS"	0.75	3	0.25	4	0.5	NA	3.25	"3-"
"15465"	0	0.184782608695653	0.81521739	0	0	0	1	"PASS"	0.81521739	3	0.184782608695653	2	0.630434781304347	NA	2.81521738739131	"3+"
"15466"	0	0	0.4859943977591	0.5140056	0	0	1	"PASS"	0.5140056	4	0.4859943977591	3	0.0280112022408998	"tie"	3.5140055932773	"4/3 tie"
"15467"	0	0	0	1	0	0	1	"PASS"	1	4	0	NA	1	NA	4	"4"
"15477"	0	0	0	0	1	0	1	"PASS"	1	5	0	NA	1	NA	5	"5"
"15530"	0	0	0	1	0	0	1	"PASS"	1	4	0	NA	1	NA	4	"4"
"15531"	0	0	0	1	0	0	1	"PASS"	1	4	0	NA	1	NA	4	"4"
"15532"	0	0	0	1	0	0	1	"PASS"	1	4	0	NA	1	NA	4	"4"
"15533"	0	0	0	0	1	0	1	"PASS"	1	5	0	NA	1	NA	5	"5"
"15551"	0	0	0	0	1	0	1	"PASS"	1	5	0	NA	1	NA	5	"5"
"15585"	0	0	0	0.10606060606061	0.89393939	0	1	"PASS"	0.89393939	5	0.10606060606061	4	0.78787878393939	NA	4.89393937424244	"5+"
"15589"	0	0	0.75	0.25	0	0	1	"PASS"	0.75	3	0.25	4	0.5	NA	3.25	"3-"
"15590"	0	0	0	1	0	0	1	"PASS"	1	4	0	NA	1	NA	4	"4"
"15599"	0	0	0.5	0.5	0	0	1	"PASS"	0.5	3	0.5	4	0	"tie"	3.5	"3/4 tie"
"15600"	0	0	1	0	0	0	1	"PASS"	1	3	0	NA	1	NA	3	"3"
"15602"	0	0	0	0	0	1	1	"PASS"	1	6	0	NA	1	NA	6	"6"
"15603"	0	1	0	0	0	0	1	"PASS"	1	2	0	NA	1	NA	2	"2"
"15734"	0	0	1	0	0	0	1	"PASS"	1	3	0	NA	1	NA	3	"3"
"15735"	0	0	0	1	0	0	1	"PASS"	1	4	0	NA	1	NA	4	"4"
"15736"	0	0	0	0	0.666666666666667	0.33333333	1	"PASS"	0.666666666666667	5	0.33333333	6	0.333333336666667	NA	5.33333331333333	"5-"
"15737"	0	0	1	0	0	0	1	"PASS"	1	3	0	NA	1	NA	3	"3"
"15738"	0	0	0	1	0	0	1	"PASS"	1	4	0	NA	1	NA	4	"4"
"15739"	0	0.0154639175257696	0.98453608	0	0	0	1	"PASS"	0.98453608	3	0.0154639175257696	2	0.96907216247423	NA	2.98453607505154	"3+"
"15740"	0	0.25	0.25	0.5	0	0	1	"PASS"	0.5	4	0.25	2	0.25	NA	3.25	"3-"
"15741"	0	0	1	0	0	0	1	"PASS"	1	3	0	NA	1	NA	3	"3"
"15742"	0	0	0.25	0.75	0	0	1	"PASS"	0.75	4	0.25	3	0.5	NA	3.75	"4+"
"15743"	0	0	0	0.78571428571429	0.21428571	0	1	"PASS"	0.78571428571429	4	0.21428571	5	0.57142857571429	NA	4.21428569285716	"4-"
"15834"	0	0	0	0.21428571428571	0.78571429	0	1	"PASS"	0.78571429	5	0.21428571428571	4	0.57142857571429	NA	4.78571430714284	"5+"
"15835"	0	0.5	0.5	0	0	0	1	"PASS"	0.5	2	0.5	3	0	"tie"	2.5	"2/3 tie"
"18771"	0	0	0	1	0	0	1	"PASS"	1	4	0	NA	1	NA	4	"4"
"18772"	0	0	0	1	0	0	1	"PASS"	1	4	0	NA	1	NA	4	"4"
"18773"	0	0	0	0.9	0.1	0	1	"PASS"	0.9	4	0.1	5	0.8	NA	4.1	"4-"
"18774"	0	0.64583333333333	0.35416667	0	0	0	1	"PASS"	0.64583333333333	2	0.35416667	3	0.29166666333333	NA	2.35416667666666	"2-"
"1921"	0	0	0	0	1	0	1	"PASS"	1	5	0	NA	1	NA	5	"5"
"1922"	0	0	0	1	0	0	1	"PASS"	1	4	0	NA	1	NA	4	"4"
"1923"	0	0	0	0	1	0	1	"PASS"	1	5	0	NA	1	NA	5	"5"
"19777"	0	0	0	0	1	0	1	"PASS"	1	5	0	NA	1	NA	5	"5"
"2022"	0	0	0	0.67977528089888	0.32022472	0	1	"PASS"	0.67977528089888	4	0.32022472	5	0.359550560898879	NA	4.32022472359552	"4-"
"2024"	0	0	0	1	0	0	1	"PASS"	1	4	0	NA	1	NA	4	"4"
"2025"	0	0	0	1	0	0	1	"PASS"	1	4	0	NA	1	NA	4	"4"
"20253"	0	0	1	0	0	0	1	"PASS"	1	3	0	NA	1	NA	3	"3"
"20254"	0	0	1	0	0	0	1	"PASS"	1	3	0	NA	1	NA	3	"3"
"20255"	0	0	1	0	0	0	1	"PASS"	1	3	0	NA	1	NA	3	"3"
"20256"	0	0	1	0	0	0	1	"PASS"	1	3	0	NA	1	NA	3	"3"
"20313"	0	0	0	0.666666666666667	0.33333333	0	1	"PASS"	0.666666666666667	4	0.33333333	5	0.333333336666667	NA	4.33333331666667	"4-"
"20314"	0	0	0	0	1	0	1	"PASS"	1	5	0	NA	1	NA	5	"5"
"20315"	0	1	0	0	0	0	1	"PASS"	1	2	0	NA	1	NA	2	"2"
"20316"	0	0	0	0.666666666666667	0.33333333	0	1	"PASS"	0.666666666666667	4	0.33333333	5	0.333333336666667	NA	4.33333331666667	"4-"
"20317"	0	1	0	0	0	0	1	"PASS"	1	2	0	NA	1	NA	2	"2"
"20318"	0	0.75	0.25	0	0	0	1	"PASS"	0.75	2	0.25	3	0.5	NA	2.25	"2-"
"20362"	0	0	1	0	0	0	1	"PASS"	1	3	0	NA	1	NA	3	"3"
"20363"	0	0	0	1	0	0	1	"PASS"	1	4	0	NA	1	NA	4	"4"
"20365"	0	0	0	1	0	0	1	"PASS"	1	4	0	NA	1	NA	4	"4"
"20366"	0	0	0.313829787234043	0.333333333333333	0.35283688	0	1	"PASS"	0.35283688	5	0.333333333333333	4	0.0195035466666666	"tie"	4.03900709503546	"5/4 tie"
"20367"	0	0	0.75	0.25	0	0	1	"PASS"	0.75	3	0.25	4	0.5	NA	3.25	"3-"
"20368"	0	0	1	0	0	0	1	"PASS"	1	3	0	NA	1	NA	3	"3"
"20369"	0	0	0.25	0.75	0	0	1	"PASS"	0.75	4	0.25	3	0.5	NA	3.75	"4+"
"20383"	0	0	0	0	1	0	1	"PASS"	1	5	0	NA	1	NA	5	"5"
"20384"	0	0	0.5	0.5	0	0	1	"PASS"	0.5	3	0.5	4	0	"tie"	3.5	"3/4 tie"
"20385"	0	0	0.5	0.5	0	0	1	"PASS"	0.5	3	0.5	4	0	"tie"	3.5	"3/4 tie"
"20386"	0	0.75	0.25	0	0	0	1	"PASS"	0.75	2	0.25	3	0.5	NA	2.25	"2-"
"20387"	0	0.39814814814815	0.60185185	0	0	0	1	"PASS"	0.60185185	3	0.39814814814815	2	0.20370370185185	NA	2.6018518462963	"3+"
"20438"	0	1	0	0	0	0	1	"PASS"	1	2	0	NA	1	NA	2	"2"
"20439"	0	0.5	0.5	0	0	0	1	"PASS"	0.5	2	0.5	3	0	"tie"	2.5	"2/3 tie"
"20440"	0	0	1	0	0	0	1	"PASS"	1	3	0	NA	1	NA	3	"3"
"20492"	0	0	1	0	0	0	1	"PASS"	1	3	0	NA	1	NA	3	"3"
"20493"	0	0	0	1	0	0	1	"PASS"	1	4	0	NA	1	NA	4	"4"
"20494"	0	0	0	0	1	0	1	"PASS"	1	5	0	NA	1	NA	5	"5"
"20495"	0	1	0	0	0	0	1	"PASS"	1	2	0	NA	1	NA	2	"2"
"20496"	0	0	1	0	0	0	1	"PASS"	1	3	0	NA	1	NA	3	"3"
"20497"	0	0	0	1	0	0	1	"PASS"	1	4	0	NA	1	NA	4	"4"
"20498"	0	0	0	1	0	0	1	"PASS"	1	4	0	NA	1	NA	4	"4"
"20593"	0	0	0.25	0.75	0	0	1	"PASS"	0.75	4	0.25	3	0.5	NA	3.75	"4+"
"20594"	0	0.118942731277533	0.88105727	0	0	0	1	"PASS"	0.88105727	3	0.118942731277533	2	0.762114538722467	NA	2.88105727255506	"3+"
"20630"	0.5	0.5	0	0	0	0	1	"PASS"	0.5	1	0.5	2	0	"tie"	1.5	"1/2 tie"
"20631"	0	1	0	0	0	0	1	"PASS"	1	2	0	NA	1	NA	2	"2"
"20632"	0	0	0.317073170731708	0.666666666666667	0.01626016	0	1	"PASS"	0.666666666666667	4	0.317073170731708	3	0.349593495934959	NA	3.69918697886179	"4+"
"20654"	0	0	1	0	0	0	1	"PASS"	1	3	0	NA	1	NA	3	"3"
"20655"	0	0	0	0.23033707865169	0.76966292	0	1	"PASS"	0.76966292	5	0.23033707865169	4	0.53932584134831	NA	4.76966291460676	"5+"
"20657"	0	0	1	0	0	0	1	"PASS"	1	3	0	NA	1	NA	3	"3"
"20658"	0	0.53571428571429	0.46428571	0	0	0	1	"PASS"	0.53571428571429	2	0.46428571	3	0.07142857571429	"tie"	2.46428570142858	"2/3 tie"
"20659"	0	1	0	0	0	0	1	"PASS"	1	2	0	NA	1	NA	2	"2"
"20768"	0	0	0	1	0	0	1	"PASS"	1	4	0	NA	1	NA	4	"4"
"20769"	0	0	0	1	0	0	1	"PASS"	1	4	0	NA	1	NA	4	"4"
"20873"	0	0.873096446700508	0.12690355	0	0	0	1	"PASS"	0.873096446700508	2	0.12690355	3	0.746192896700508	NA	2.12690354340102	"2-"
"20874"	0	0	1	0	0	0	1	"PASS"	1	3	0	NA	1	NA	3	"3"
"20875"	0	0	0	0	1	0	1	"PASS"	1	5	0	NA	1	NA	5	"5"
"20876"	0	0	1	0	0	0	1	"PASS"	1	3	0	NA	1	NA	3	"3"
"20924"	0	0.31818181818182	0.68181818	0	0	0	1	"PASS"	0.68181818	3	0.31818181818182	2	0.36363636181818	NA	2.68181817636364	"3+"
"20925"	0	0.20552147239264	0.79447853	0	0	0	1	"PASS"	0.79447853	3	0.20552147239264	2	0.58895705760736	NA	2.79447853478528	"3+"
"20928"	0	1	0	0	0	0	1	"PASS"	1	2	0	NA	1	NA	2	"2"
"20929"	0	0	0	1	0	0	1	"PASS"	1	4	0	NA	1	NA	4	"4"
"20930"	1	0	0	0	0	0	1	"PASS"	1	1	0	NA	1	NA	1	"1"
"21127"	0	0.75	0.25	0	0	0	1	"PASS"	0.75	2	0.25	3	0.5	NA	2.25	"2-"
"21182"	0	0	0.84744408945687	0.15255591	0	0	1	"PASS"	0.84744408945687	3	0.15255591	4	0.69488817945687	NA	3.15255590837061	"3-"
"21183"	0	0	0	1	0	0	1	"PASS"	1	4	0	NA	1	NA	4	"4"
"21184"	0	0.16666666666667	0.83333333	0	0	0	1	"PASS"	0.83333333	3	0.16666666666667	2	0.66666666333333	NA	2.83333332333334	"3+"
"21185"	0	0	0	1	0	0	1	"PASS"	1	4	0	NA	1	NA	4	"4"
"21186"	0	0	0.196969696969697	0.8030303	0	0	1	"PASS"	0.8030303	4	0.196969696969697	3	0.606060603030303	NA	3.80303029090909	"4+"
"21187"	0	0	0	1	0	0	1	"PASS"	1	4	0	NA	1	NA	4	"4"
"21188"	0	0	0	1	0	0	1	"PASS"	1	4	0	NA	1	NA	4	"4"
"21189"	0	0	0.3	0.7	0	0	1	"PASS"	0.7	4	0.3	3	0.4	NA	3.7	"4+"
"21191"	0	0	0.75	0.25	0	0	1	"PASS"	0.75	3	0.25	4	0.5	NA	3.25	"3-"
"21192"	0	0	0	0	1	0	1	"PASS"	1	5	0	NA	1	NA	5	"5"
"21193"	0	0.75	0.25	0	0	0	1	"PASS"	0.75	2	0.25	3	0.5	NA	2.25	"2-"
"21194"	0	0	0	1	0	0	1	"PASS"	1	4	0	NA	1	NA	4	"4"
"21195"	0	0	0	0.75	0.25	0	1	"PASS"	0.75	4	0.25	5	0.5	NA	4.25	"4-"
"21196"	0	0	0	0.3411214953271	0.6588785	0	1	"PASS"	0.6588785	5	0.3411214953271	4	0.3177570046729	NA	4.6588784813084	"5+"
"21197"	0	0	0	1	0	0	1	"PASS"	1	4	0	NA	1	NA	4	"4"
"21198"	0	0	1	0	0	0	1	"PASS"	1	3	0	NA	1	NA	3	"3"
"21231"	0	0.107142857142858	0.89285714	0	0	0	1	"PASS"	0.89285714	3	0.107142857142858	2	0.785714282857143	NA	2.89285713428572	"3+"
"21232"	0	0	1	0	0	0	1	"PASS"	1	3	0	NA	1	NA	3	"3"
"21233"	0.474489795918368	0.5255102	0	0	0	0	1	"PASS"	0.5255102	2	0.474489795918368	1	0.0510204040816324	"tie"	1.52551019591837	"2/1 tie"
"21234"	0	0	0.670454545454545	0.32954545	0	0	1	"PASS"	0.670454545454545	3	0.32954545	4	0.340909095454545	NA	3.32954543636363	"3-"
"21300"	0	0	0	1	0	0	1	"PASS"	1	4	0	NA	1	NA	4	"4"
"21301"	0	0.571428571428573	0.42857143	0	0	0	1	"PASS"	0.571428571428573	2	0.42857143	3	0.142857141428573	"yes"	2.42857143285715	"2-"
"21302"	0	1	0	0	0	0	1	"PASS"	1	2	0	NA	1	NA	2	"2"
"21303"	0	0.71264367816092	0.28735632	0	0	0	1	"PASS"	0.71264367816092	2	0.28735632	3	0.42528735816092	NA	2.28735631632184	"2-"
"21304"	0	0.16666666666667	0.83333333	0	0	0	1	"PASS"	0.83333333	3	0.16666666666667	2	0.66666666333333	NA	2.83333332333334	"3+"
"21305"	0	0	0.5	0.5	0	0	1	"PASS"	0.5	3	0.5	4	0	"tie"	3.5	"3/4 tie"
"21306"	0	1	0	0	0	0	1	"PASS"	1	2	0	NA	1	NA	2	"2"
"21307"	0	0	1	0	0	0	1	"PASS"	1	3	0	NA	1	NA	3	"3"
"21308"	0	0	0	0.333333333333333	0.66666667	0	1	"PASS"	0.66666667	5	0.333333333333333	4	0.333333336666667	NA	4.66666668333333	"5+"
"21309"	0	0	0	1	0	0	1	"PASS"	1	4	0	NA	1	NA	4	"4"
"21310"	0	0.25	0.75	0	0	0	1	"PASS"	0.75	3	0.25	2	0.5	NA	2.75	"3+"
"21311"	0	0	1	0	0	0	1	"PASS"	1	3	0	NA	1	NA	3	"3"
"21312"	0	0	0	0	1	0	1	"PASS"	1	5	0	NA	1	NA	5	"5"
"21313"	0	0.657534246575342	0.34246575	0	0	0	1	"PASS"	0.657534246575342	2	0.34246575	3	0.315068496575342	NA	2.34246574315068	"2-"
"21320"	0	0	0.401129943502817	0.59887006	0	0	1	"PASS"	0.59887006	4	0.401129943502817	3	0.197740116497183	"yes"	3.59887007050845	"4+"
"21321"	0	0	1	0	0	0	1	"PASS"	1	3	0	NA	1	NA	3	"3"
"21322"	1	0	0	0	0	0	1	"PASS"	1	1	0	NA	1	NA	1	"1"
"21438"	0	0	0	1	0	0	1	"PASS"	1	4	0	NA	1	NA	4	"4"
"21439"	0	0	0	1	0	0	1	"PASS"	1	4	0	NA	1	NA	4	"4"
"21440"	0	0	0	1	0	0	1	"PASS"	1	4	0	NA	1	NA	4	"4"
"21441"	0	0	0	1	0	0	1	"PASS"	1	4	0	NA	1	NA	4	"4"
"21442"	0	0	0	1	0	0	1	"PASS"	1	4	0	NA	1	NA	4	"4"
"21443"	0	0	1	0	0	0	1	"PASS"	1	3	0	NA	1	NA	3	"3"
"21444"	0	0	0	1	0	0	1	"PASS"	1	4	0	NA	1	NA	4	"4"
"21463"	0	0	0.5	0.5	0	0	1	"PASS"	0.5	3	0.5	4	0	"tie"	3.5	"3/4 tie"
"21464"	0	0	0	0	0	1	1	"PASS"	1	6	0	NA	1	NA	6	"6"
"21465"	0	0	0	0	0.635135135135133	0.36486486	1	"PASS"	0.635135135135133	5	0.36486486	6	0.270270275135133	NA	5.36486483567567	"5-"
"21472"	0	0.404255319148935	0.59574468	0	0	0	1	"PASS"	0.59574468	3	0.404255319148935	2	0.191489360851065	"yes"	2.59574467829787	"3+"
"21473"	0	0.5	0.5	0	0	0	1	"PASS"	0.5	2	0.5	3	0	"tie"	2.5	"2/3 tie"
"21474"	0	0	0	0	0.666666666666667	0.33333333	1	"PASS"	0.666666666666667	5	0.33333333	6	0.333333336666667	NA	5.33333331333333	"5-"
"21475"	0	0	0	0	0.333333333333333	0.66666667	1	"PASS"	0.66666667	6	0.333333333333333	5	0.333333336666667	NA	5.66666668666667	"6+"
"21477"	0	0	0	0	0.348484848484848	0.65151515	1	"PASS"	0.65151515	6	0.348484848484848	5	0.303030301515152	NA	5.65151514242424	"6+"
"21545"	0	0	0	0	0	1	1	"PASS"	1	6	0	NA	1	NA	6	"6"
"21546"	0	0	0	0	1	0	1	"PASS"	1	5	0	NA	1	NA	5	"5"
"21547"	0	0	0	1	0	0	1	"PASS"	1	4	0	NA	1	NA	4	"4"
"21548"	0	0	0.75	0.25	0	0	1	"PASS"	0.75	3	0.25	4	0.5	NA	3.25	"3-"
"21557"	0	0.75	0.25	0	0	0	1	"PASS"	0.75	2	0.25	3	0.5	NA	2.25	"2-"
"21561"	0	0	0	0	0.83333333333333	0.16666667	1	"PASS"	0.83333333333333	5	0.16666667	6	0.66666666333333	NA	5.16666668666665	"5-"
"21612"	0	0	0	0.0593220338983103	0.94067797	0	1	"PASS"	0.94067797	5	0.0593220338983103	4	0.88135593610169	NA	4.94067798559324	"5+"
"21613"	0	0	0	1	0	0	1	"PASS"	1	4	0	NA	1	NA	4	"4"
"22112"	0	0	0	1	0	0	1	"PASS"	1	4	0	NA	1	NA	4	"4"
"22113"	0	0	0	0	1	0	1	"PASS"	1	5	0	NA	1	NA	5	"5"
"22114"	0	0	0.062841530054645	0.93715847	0	0	1	"PASS"	0.93715847	4	0.062841530054645	3	0.874316939945355	NA	3.93715847016393	"4+"
"22209"	0	0.31818181818182	0.68181818	0	0	0	1	"PASS"	0.68181818	3	0.31818181818182	2	0.36363636181818	NA	2.68181817636364	"3+"
"22344"	0	0	0	0	1	0	1	"PASS"	1	5	0	NA	1	NA	5	"5"
"22345"	0	0	0	1	0	0	1	"PASS"	1	4	0	NA	1	NA	4	"4"
"22346"	0	0	0	1	0	0	1	"PASS"	1	4	0	NA	1	NA	4	"4"
"22347"	0	0	0	1	0	0	1	"PASS"	1	4	0	NA	1	NA	4	"4"
"2978"	0	0	0	0.18	0.82	0	1	"PASS"	0.82	5	0.18	4	0.64	NA	4.82	"5+"
"2979"	0	0	0	1	0	0	1	"PASS"	1	4	0	NA	1	NA	4	"4"
"2987"	0	0.55555555555556	0.44444444	0	0	0	1	"PASS"	0.55555555555556	2	0.44444444	3	0.11111111555556	"yes"	2.44444443111112	"2-"
"2991"	0	0	0	0	0.5	0.5	1	"PASS"	0.5	5	0.5	6	0	"tie"	5.5	"5/6 tie"
"2993"	0	0	0	0	0	1	1	"PASS"	1	6	0	NA	1	NA	6	"6"
"2994"	0	0	0	0	0.83333333333333	0.16666667	1	"PASS"	0.83333333333333	5	0.16666667	6	0.66666666333333	NA	5.16666668666665	"5-"
"2995"	0	0	0	0	0	1	1	"PASS"	1	6	0	NA	1	NA	6	"6"
"2996"	0	1	0	0	0	0	1	"PASS"	1	2	0	NA	1	NA	2	"2"
"3025"	0	0	0.0222222222222199	0.97777778	0	0	1	"PASS"	0.97777778	4	0.0222222222222199	3	0.95555555777778	NA	3.97777778666666	"4+"
"3027"	0	0	0	0	1	0	1	"PASS"	1	5	0	NA	1	NA	5	"5"
"304"	0	0	1	0	0	0	1	"PASS"	1	3	0	NA	1	NA	3	"3"
"3043"	1	0	0	0	0	0	1	"PASS"	1	1	0	NA	1	NA	1	"1"
"3044"	0	0.5	0.5	0	0	0	1	"PASS"	0.5	2	0.5	3	0	"tie"	2.5	"2/3 tie"
"3045"	0	0.5	0.5	0	0	0	1	"PASS"	0.5	2	0.5	3	0	"tie"	2.5	"2/3 tie"
"3047"	0	0	0.916666666666667	0	0.08333333	0	1	"PASS"	0.916666666666667	3	0.08333333	5	0.833333336666667	NA	3.16666665	"3-"
"3048"	0	1	0	0	0	0	1	"PASS"	1	2	0	NA	1	NA	2	"2"
"3049"	0	0	0	0	1	0	1	"PASS"	1	5	0	NA	1	NA	5	"5"
"3062"	0	0	0	0.0882352941176503	0.91176471	0	1	"PASS"	0.91176471	5	0.0882352941176503	4	0.82352941588235	NA	4.9117647264706	"5+"
"3063"	0	0	0	1	0	0	1	"PASS"	1	4	0	NA	1	NA	4	"4"
"3064"	0	0	0	1	0	0	1	"PASS"	1	4	0	NA	1	NA	4	"4"
"3065"	0	0	0	1	0	0	1	"PASS"	1	4	0	NA	1	NA	4	"4"
"3066"	0	0	0	1	0	0	1	"PASS"	1	4	0	NA	1	NA	4	"4"
"3067"	0	0	1	0	0	0	1	"PASS"	1	3	0	NA	1	NA	3	"3"
"3068"	0	0	0.0333333333333334	0.78571428571429	0.18095238	0	1	"PASS"	0.78571428571429	4	0.18095238	5	0.60476190571429	NA	4.14761904285716	"4-"
"3069"	0	0	0.916666666666667	0.08333333	0	0	1	"PASS"	0.916666666666667	3	0.08333333	4	0.833333336666667	NA	3.08333332	"3-"
"3070"	0	0	0	0	0.446236559139785	0.55376344	1	"PASS"	0.55376344	6	0.446236559139785	5	0.107526880860215	"yes"	5.55376343569892	"6+"
"3071"	0	0	1	0	0	0	1	"PASS"	1	3	0	NA	1	NA	3	"3"
"3072"	0	0	0.211538461538462	0.78846154	0	0	1	"PASS"	0.78846154	4	0.211538461538462	3	0.576923078461538	NA	3.78846154461539	"4+"
"3120"	0	0	1	0	0	0	1	"PASS"	1	3	0	NA	1	NA	3	"3"
"3121"	0	0	0	0	1	0	1	"PASS"	1	5	0	NA	1	NA	5	"5"
"3122"	0	0	1	0	0	0	1	"PASS"	1	3	0	NA	1	NA	3	"3"
"3192"	0	0	0	1	0	0	1	"PASS"	1	4	0	NA	1	NA	4	"4"
"3193"	0	0	1	0	0	0	1	"PASS"	1	3	0	NA	1	NA	3	"3"
"3194"	0	0	0.0222222222222199	0.97777778	0	0	1	"PASS"	0.97777778	4	0.0222222222222199	3	0.95555555777778	NA	3.97777778666666	"4+"
"3195"	0	0	0	1	0	0	1	"PASS"	1	4	0	NA	1	NA	4	"4"
"327"	0	0	0	1	0	0	1	"PASS"	1	4	0	NA	1	NA	4	"4"
"3669"	0	0	0	1	0	0	1	"PASS"	1	4	0	NA	1	NA	4	"4"
"3678"	0	0	1	0	0	0	1	"PASS"	1	3	0	NA	1	NA	3	"3"
"3679"	0	0	0	1	0	0	1	"PASS"	1	4	0	NA	1	NA	4	"4"
"3680"	0	0	0	1	0	0	1	"PASS"	1	4	0	NA	1	NA	4	"4"
"3681"	1	0	0	0	0	0	1	"PASS"	1	1	0	NA	1	NA	1	"1"
"3682"	0	0	0	0	1	0	1	"PASS"	1	5	0	NA	1	NA	5	"5"
"3684"	0	0	0	1	0	0	1	"PASS"	1	4	0	NA	1	NA	4	"4"
"3687"	0	0.72222222222222	0.27777778	0	0	0	1	"PASS"	0.72222222222222	2	0.27777778	3	0.44444444222222	NA	2.27777778444444	"2-"
"3688"	0	0	0	1	0	0	1	"PASS"	1	4	0	NA	1	NA	4	"4"
"3689"	0	0	0	0	1	0	1	"PASS"	1	5	0	NA	1	NA	5	"5"
"3692"	0	0	1	0	0	0	1	"PASS"	1	3	0	NA	1	NA	3	"3"
"3693"	0	0	1	0	0	0	1	"PASS"	1	3	0	NA	1	NA	3	"3"
"3694"	0	0.75	0.25	0	0	0	1	"PASS"	0.75	2	0.25	3	0.5	NA	2.25	"2-"
"3695"	0	0.75	0.25	0	0	0	1	"PASS"	0.75	2	0.25	3	0.5	NA	2.25	"2-"
"3696"	0	0	1	0	0	0	1	"PASS"	1	3	0	NA	1	NA	3	"3"
"3710"	0	0	0.5	0.5	0	0	1	"PASS"	0.5	3	0.5	4	0	"tie"	3.5	"3/4 tie"
"3726"	0	0	0	0	1	0	1	"PASS"	1	5	0	NA	1	NA	5	"5"
"3727"	1	0	0	0	0	0	1	"PASS"	1	1	0	NA	1	NA	1	"1"
"3728"	0	0.75	0.25	0	0	0	1	"PASS"	0.75	2	0.25	3	0.5	NA	2.25	"2-"
"3748"	0	0	0	0	1	0	1	"PASS"	1	5	0	NA	1	NA	5	"5"
"3749"	0	0	1	0	0	0	1	"PASS"	1	3	0	NA	1	NA	3	"3"
"3750"	0	0	0	0	1	0	1	"PASS"	1	5	0	NA	1	NA	5	"5"
"3751"	0	0	0	0	1	0	1	"PASS"	1	5	0	NA	1	NA	5	"5"
"3752"	0	0	0	1	0	0	1	"PASS"	1	4	0	NA	1	NA	4	"4"
"3757"	0	0	0	0.0719557195572005	0.92804428	0	1	"PASS"	0.92804428	5	0.0719557195572005	4	0.8560885604428	NA	4.9280442782288	"5+"
"3758"	0	0	0	1	0	0	1	"PASS"	1	4	0	NA	1	NA	4	"4"
"3759"	0	0	0	0	1	0	1	"PASS"	1	5	0	NA	1	NA	5	"5"
"3760"	0	0.57366984993179	0.42633015	0	0	0	1	"PASS"	0.57366984993179	2	0.42633015	3	0.14733969993179	"yes"	2.42633014986358	"2-"
"3766"	0	0	0	0	1	0	1	"PASS"	1	5	0	NA	1	NA	5	"5"
"3767"	0	0	0	0	1	0	1	"PASS"	1	5	0	NA	1	NA	5	"5"
"3768"	0	0	0	1	0	0	1	"PASS"	1	4	0	NA	1	NA	4	"4"
"3769"	0.274193548387101	0.72580645	0	0	0	0	1	"PASS"	0.72580645	2	0.274193548387101	1	0.451612901612899	NA	1.7258064483871	"2+"
"3789"	1	0	0	0	0	0	1	"PASS"	1	1	0	NA	1	NA	1	"1"
"4020"	0	0	0	1	0	0	1	"PASS"	1	4	0	NA	1	NA	4	"4"
"4041"	0	0	0	0.42941176470588	0.57058824	0	1	"PASS"	0.57058824	5	0.42941176470588	4	0.14117647529412	"yes"	4.57058825882352	"5+"
"4042"	0	0	0	0	1	0	1	"PASS"	1	5	0	NA	1	NA	5	"5"
"4212"	0	0	0	1	0	0	1	"PASS"	1	4	0	NA	1	NA	4	"4"
"4213"	0	0	1	0	0	0	1	"PASS"	1	3	0	NA	1	NA	3	"3"
"4214"	0	0	0.16782729805014	0.8321727	0	0	1	"PASS"	0.8321727	4	0.16782729805014	3	0.66434540194986	NA	3.83217269415042	"4+"
"4215"	0	0	0.0222222222222199	0.97777778	0	0	1	"PASS"	0.97777778	4	0.0222222222222199	3	0.95555555777778	NA	3.97777778666666	"4+"
"4216"	0	0.76890756302521	0.23109244	0	0	0	1	"PASS"	0.76890756302521	2	0.23109244	3	0.53781512302521	NA	2.23109244605042	"2-"
"4222"	0	0	0	1	0	0	1	"PASS"	1	4	0	NA	1	NA	4	"4"
"4223"	0	0	0	0	1	0	1	"PASS"	1	5	0	NA	1	NA	5	"5"
"4224"	0	0	0	1	0	0	1	"PASS"	1	4	0	NA	1	NA	4	"4"
"4225"	0	0	0	0.33333333333333	0.66666667	0	1	"PASS"	0.66666667	5	0.33333333333333	4	0.33333333666667	NA	4.66666668333332	"5+"
"4226"	0	0	1	0	0	0	1	"PASS"	1	3	0	NA	1	NA	3	"3"
"4227"	0	0	1	0	0	0	1	"PASS"	1	3	0	NA	1	NA	3	"3"
"4228"	0	0	0	1	0	0	1	"PASS"	1	4	0	NA	1	NA	4	"4"
"4229"	0	0	0	1	0	0	1	"PASS"	1	4	0	NA	1	NA	4	"4"
"4230"	0	0.12700964630225	0.87299035	0	0	0	1	"PASS"	0.87299035	3	0.12700964630225	2	0.74598070369775	NA	2.8729903426045	"3+"
"4231"	0	0	1	0	0	0	1	"PASS"	1	3	0	NA	1	NA	3	"3"
"4232"	0	0	0	0.52150537634409	0.47849462	0	1	"PASS"	0.52150537634409	4	0.47849462	5	0.04301075634409	"tie"	4.47849460537636	"4/5 tie"
"4233"	0	0	0.75	0.25	0	0	1	"PASS"	0.75	3	0.25	4	0.5	NA	3.25	"3-"
"4234"	0	0	0	1	0	0	1	"PASS"	1	4	0	NA	1	NA	4	"4"
"4235"	0	0	0	1	0	0	1	"PASS"	1	4	0	NA	1	NA	4	"4"
"4236"	0	0	0	1	0	0	1	"PASS"	1	4	0	NA	1	NA	4	"4"
"4237"	0	0.24725274725275	0.75274725	0	0	0	1	"PASS"	0.75274725	3	0.24725274725275	2	0.50549450274725	NA	2.7527472445055	"3+"
"4238"	0	0	0	0	1	0	1	"PASS"	1	5	0	NA	1	NA	5	"5"
"4239"	0	0	0	1	0	0	1	"PASS"	1	4	0	NA	1	NA	4	"4"
"4240"	0	0	0	1	0	0	1	"PASS"	1	4	0	NA	1	NA	4	"4"
"4241"	0	0	0.630568356374809	0.36943164	0	0	1	"PASS"	0.630568356374809	3	0.36943164	4	0.261136716374809	NA	3.36943162912443	"3-"
"4243"	0	0.75	0.25	0	0	0	1	"PASS"	0.75	2	0.25	3	0.5	NA	2.25	"2-"
"4244"	0	0	0	1	0	0	1	"PASS"	1	4	0	NA	1	NA	4	"4"
"4245"	0	0	0	1	0	0	1	"PASS"	1	4	0	NA	1	NA	4	"4"
"4246"	0	0	0	1	0	0	1	"PASS"	1	4	0	NA	1	NA	4	"4"
"4247"	0	0	0	1	0	0	1	"PASS"	1	4	0	NA	1	NA	4	"4"
"4248"	0	0	0.666666666666667	0.33333333	0	0	1	"PASS"	0.666666666666667	3	0.33333333	4	0.333333336666667	NA	3.33333332	"3-"
"4249"	0	0.77272727272727	0.22727273	0	0	0	1	"PASS"	0.77272727272727	2	0.22727273	3	0.54545454272727	NA	2.22727273545454	"2-"
"4251"	0	0.62406015037594	0.37593985	0	0	0	1	"PASS"	0.62406015037594	2	0.37593985	3	0.24812030037594	NA	2.37593985075188	"2-"
"4252"	0	0	0	0	1	0	1	"PASS"	1	5	0	NA	1	NA	5	"5"
"4253"	0	0	0	1	0	0	1	"PASS"	1	4	0	NA	1	NA	4	"4"
"4254"	0	0.27652733118971	0.72347267	0	0	0	1	"PASS"	0.72347267	3	0.27652733118971	2	0.44694533881029	NA	2.72347267237942	"3+"
"4255"	0	0.25	0.25	0.5	0	0	1	"PASS"	0.5	4	0.25	2	0.25	NA	3.25	"3-"
"4256"	0	0	0.390710382513667	0.60928962	0	0	1	"PASS"	0.60928962	4	0.390710382513667	3	0.218579237486333	NA	3.609289627541	"4+"
"4257"	0	0	1	0	0	0	1	"PASS"	1	3	0	NA	1	NA	3	"3"
"4258"	0	0	0	1	0	0	1	"PASS"	1	4	0	NA	1	NA	4	"4"
"4259"	0	0	0	1	0	0	1	"PASS"	1	4	0	NA	1	NA	4	"4"
"4260"	0	0	0	1	0	0	1	"PASS"	1	4	0	NA	1	NA	4	"4"
"4261"	0	0	0.65714285714286	0.34285714	0	0	1	"PASS"	0.65714285714286	3	0.34285714	4	0.31428571714286	NA	3.34285713142858	"3-"
"4262"	0	0	0	1	0	0	1	"PASS"	1	4	0	NA	1	NA	4	"4"
"4263"	0	0	1	0	0	0	1	"PASS"	1	3	0	NA	1	NA	3	"3"
"4264"	0	0	0	1	0	0	1	"PASS"	1	4	0	NA	1	NA	4	"4"
"4305"	0	0	0	1	0	0	1	"PASS"	1	4	0	NA	1	NA	4	"4"
"4306"	0	0	0.583333333333333	0.41666667	0	0	1	"PASS"	0.583333333333333	3	0.41666667	4	0.166666663333333	"yes"	3.41666668	"3-"
"4307"	0	0	1	0	0	0	1	"PASS"	1	3	0	NA	1	NA	3	"3"
"4428"	0	0.026315789473685	0.97368421	0	0	0	1	"PASS"	0.97368421	3	0.026315789473685	2	0.947368420526315	NA	2.97368420894737	"3+"
"4429"	0	0	0.5	0.5	0	0	1	"PASS"	0.5	3	0.5	4	0	"tie"	3.5	"3/4 tie"
"4430"	0	0.577235772357723	0.42276423	0	0	0	1	"PASS"	0.577235772357723	2	0.42276423	3	0.154471542357723	"yes"	2.42276423471545	"2-"
"4432"	0	0	1	0	0	0	1	"PASS"	1	3	0	NA	1	NA	3	"3"
"4433"	0	0	1	0	0	0	1	"PASS"	1	3	0	NA	1	NA	3	"3"
"4435"	0	0	0	1	0	0	1	"PASS"	1	4	0	NA	1	NA	4	"4"
"4436"	0	0	0	1	0	0	1	"PASS"	1	4	0	NA	1	NA	4	"4"
"4458"	0	0	0	0	1	0	1	"PASS"	1	5	0	NA	1	NA	5	"5"
"4459"	0	0	0	1	0	0	1	"PASS"	1	4	0	NA	1	NA	4	"4"
"4468"	0	0	1	0	0	0	1	"PASS"	1	3	0	NA	1	NA	3	"3"
"4469"	0	0	0	0	1	0	1	"PASS"	1	5	0	NA	1	NA	5	"5"
"4470"	0	0	1	0	0	0	1	"PASS"	1	3	0	NA	1	NA	3	"3"
"4471"	0	1	0	0	0	0	1	"PASS"	1	2	0	NA	1	NA	2	"2"
"4472"	0	0.255583126550867	0.74441687	0	0	0	1	"PASS"	0.74441687	3	0.255583126550867	2	0.488833743449133	NA	2.74441686310173	"3+"
"4473"	0	0	0	1	0	0	1	"PASS"	1	4	0	NA	1	NA	4	"4"
"4474"	0	0.061433447098975	0.93856655	0	0	0	1	"PASS"	0.93856655	3	0.061433447098975	2	0.877133102901025	NA	2.93856654419795	"3+"
"4488"	0	0	1	0	0	0	1	"PASS"	1	3	0	NA	1	NA	3	"3"
"4491"	0	0	0	0	1	0	1	"PASS"	1	5	0	NA	1	NA	5	"5"
"4492"	0	0	0	0	1	0	1	"PASS"	1	5	0	NA	1	NA	5	"5"
"4493"	0	0	0	0	1	0	1	"PASS"	1	5	0	NA	1	NA	5	"5"
"4512"	0	0	0	0	1	0	1	"PASS"	1	5	0	NA	1	NA	5	"5"
"4513"	0	0.5	0.5	0	0	0	1	"PASS"	0.5	2	0.5	3	0	"tie"	2.5	"2/3 tie"
"4514"	0	1	0	0	0	0	1	"PASS"	1	2	0	NA	1	NA	2	"2"
"4515"	0	1	0	0	0	0	1	"PASS"	1	2	0	NA	1	NA	2	"2"
"4516"	0	0	0	1	0	0	1	"PASS"	1	4	0	NA	1	NA	4	"4"
"4517"	0	0	0	0	1	0	1	"PASS"	1	5	0	NA	1	NA	5	"5"
"4519"	0	1	0	0	0	0	1	"PASS"	1	2	0	NA	1	NA	2	"2"
"4520"	0	0	0.75	0.25	0	0	1	"PASS"	0.75	3	0.25	4	0.5	NA	3.25	"3-"
"4535"	0	0	0	1	0	0	1	"PASS"	1	4	0	NA	1	NA	4	"4"
"4536"	0	0	0.25	0.75	0	0	1	"PASS"	0.75	4	0.25	3	0.5	NA	3.75	"4+"
"4537"	0	0	0	0	1	0	1	"PASS"	1	5	0	NA	1	NA	5	"5"
"4538"	0	0	0.0972222222222225	0.90277778	0	0	1	"PASS"	0.90277778	4	0.0972222222222225	3	0.805555557777778	NA	3.90277778666667	"4+"
"4539"	0	0	0	1	0	0	1	"PASS"	1	4	0	NA	1	NA	4	"4"
"4545"	0	0	0	0	1	0	1	"PASS"	1	5	0	NA	1	NA	5	"5"
"4546"	0	0	0.00421940928269993	0.99578059	0	0	1	"PASS"	0.99578059	4	0.00421940928269993	3	0.9915611807173	NA	3.9957805878481	"4+"
"4552"	0	0.0157480314960625	0.98425197	0	0	0	1	"PASS"	0.98425197	3	0.0157480314960625	2	0.968503938503937	NA	2.98425197299213	"3+"
"4743"	0	0	0	0	1	0	1	"PASS"	1	5	0	NA	1	NA	5	"5"
"5249"	0.632352941176471	0.36764706	0	0	0	0	1	"PASS"	0.632352941176471	1	0.36764706	2	0.264705881176471	NA	1.36764706117647	"1-"
"5250"	0	0	1	0	0	0	1	"PASS"	1	3	0	NA	1	NA	3	"3"
"5251"	0	0.666666666666667	0.33333333	0	0	0	1	"PASS"	0.666666666666667	2	0.33333333	3	0.333333336666667	NA	2.33333332333333	"2-"
"5252"	0	0.55755395683453	0.44244604	0	0	0	1	"PASS"	0.55755395683453	2	0.44244604	3	0.11510791683453	"yes"	2.44244603366906	"2-"
"5253"	0	0	0	1	0	0	1	"PASS"	1	4	0	NA	1	NA	4	"4"
"5254"	0	1	0	0	0	0	1	"PASS"	1	2	0	NA	1	NA	2	"2"
"5255"	0	0	0.25	0.75	0	0	1	"PASS"	0.75	4	0.25	3	0.5	NA	3.75	"4+"
"5256"	0	0	1	0	0	0	1	"PASS"	1	3	0	NA	1	NA	3	"3"
"5257"	0	0.75	0.25	0	0	0	1	"PASS"	0.75	2	0.25	3	0.5	NA	2.25	"2-"
"5258"	0	0.75	0.25	0	0	0	1	"PASS"	0.75	2	0.25	3	0.5	NA	2.25	"2-"
"5259"	0	0.50985221674877	0.49014778	0	0	0	1	"PASS"	0.50985221674877	2	0.49014778	3	0.01970443674877	"tie"	2.49014777349754	"2/3 tie"
"5308"	0	0	0	1	0	0	1	"PASS"	1	4	0	NA	1	NA	4	"4"
"5309"	0	1	0	0	0	0	1	"PASS"	1	2	0	NA	1	NA	2	"2"
"5310"	0	0	1	0	0	0	1	"PASS"	1	3	0	NA	1	NA	3	"3"
"5311"	0	0	0.5	0.5	0	0	1	"PASS"	0.5	3	0.5	4	0	"tie"	3.5	"3/4 tie"
"5312"	0	0.21889400921659	0.75	0.03110599	0	0	1	"PASS"	0.75	3	0.21889400921659	2	0.53110599078341	NA	2.81221197843318	"3+"
"5320"	0	0	0	1	0	0	1	"PASS"	1	4	0	NA	1	NA	4	"4"
"5321"	0	0	0.777777777777778	0.22222222	0	0	1	"PASS"	0.777777777777778	3	0.22222222	4	0.555555557777778	NA	3.22222221333333	"3-"
"5322"	0	0	0	1	0	0	1	"PASS"	1	4	0	NA	1	NA	4	"4"
"5323"	0	0	0.75	0.25	0	0	1	"PASS"	0.75	3	0.25	4	0.5	NA	3.25	"3-"
"5324"	0	1	0	0	0	0	1	"PASS"	1	2	0	NA	1	NA	2	"2"
"5325"	0	0.5	0.5	0	0	0	1	"PASS"	0.5	2	0.5	3	0	"tie"	2.5	"2/3 tie"
"5368"	0	1	0	0	0	0	1	"PASS"	1	2	0	NA	1	NA	2	"2"
"5369"	0	0	0.5	0.333333333333333	0.16666667	0	1	"PASS"	0.5	3	0.333333333333333	4	0.166666666666667	"yes"	3.66666668333333	"4+"
"5370"	1	0	0	0	0	0	1	"PASS"	1	1	0	NA	1	NA	1	"1"
"5371"	0	0	0	0	0	1	1	"PASS"	1	6	0	NA	1	NA	6	"6"
"5373"	1	0	0	0	0	0	1	"PASS"	1	1	0	NA	1	NA	1	"1"
"5387"	0	0.5	0.5	0	0	0	1	"PASS"	0.5	2	0.5	3	0	"tie"	2.5	"2/3 tie"
"5392"	0	0	0.0922746781115833	0.90772532	0	0	1	"PASS"	0.90772532	4	0.0922746781115833	3	0.815450641888417	NA	3.90772531433475	"4+"
"5411"	0	0.401709401709403	0.5982906	0	0	0	1	"PASS"	0.5982906	3	0.401709401709403	2	0.196581198290598	"yes"	2.59829060341881	"3+"
"5433"	0	0	0	1	0	0	1	"PASS"	1	4	0	NA	1	NA	4	"4"
"5434"	0	0	0.25	0.75	0	0	1	"PASS"	0.75	4	0.25	3	0.5	NA	3.75	"4+"
"5435"	0	0.074074074074075	0.92592593	0	0	0	1	"PASS"	0.92592593	3	0.074074074074075	2	0.851851855925925	NA	2.92592593814815	"3+"
"5436"	0	0.25	0.25	0.5	0	0	1	"PASS"	0.5	4	0.25	2	0.25	NA	3.25	"3-"
"5510"	0	0	1	0	0	0	1	"PASS"	1	3	0	NA	1	NA	3	"3"
"5548"	0	0.27464788732394	0.72535211	0	0	0	1	"PASS"	0.72535211	3	0.27464788732394	2	0.45070422267606	NA	2.72535210464788	"3+"
"5612"	0	0.0620723362658797	0.93792766	0	0	0	1	"PASS"	0.93792766	3	0.0620723362658797	2	0.87585532373412	NA	2.93792765253176	"3+"
"5759"	0	0	0	1	0	0	1	"PASS"	1	4	0	NA	1	NA	4	"4"
"5775"	0	0	0.25	0.75	0	0	1	"PASS"	0.75	4	0.25	3	0.5	NA	3.75	"4+"
"5801"	0	1	0	0	0	0	1	"PASS"	1	2	0	NA	1	NA	2	"2"
"5802"	0	0	1	0	0	0	1	"PASS"	1	3	0	NA	1	NA	3	"3"
"5803"	0	0	0.72323600973236	0.27676399	0	0	1	"PASS"	0.72323600973236	3	0.27676399	4	0.44647201973236	NA	3.27676398919708	"3-"
"5804"	0	0	1	0	0	0	1	"PASS"	1	3	0	NA	1	NA	3	"3"
"5930"	0	0	1	0	0	0	1	"PASS"	1	3	0	NA	1	NA	3	"3"
"6441"	0	1	0	0	0	0	1	"PASS"	1	2	0	NA	1	NA	2	"2"
"6442"	0	0	1	0	0	0	1	"PASS"	1	3	0	NA	1	NA	3	"3"
"6443"	0	0	1	0	0	0	1	"PASS"	1	3	0	NA	1	NA	3	"3"
"6444"	0	0	1	0	0	0	1	"PASS"	1	3	0	NA	1	NA	3	"3"
"6477"	0	0	1	0	0	0	1	"PASS"	1	3	0	NA	1	NA	3	"3"
"6478"	0	0.90458015267176	0.09541985	0	0	0	1	"PASS"	0.90458015267176	2	0.09541985	3	0.80916030267176	NA	2.09541985534352	"2-"
"6479"	0	0	1	0	0	0	1	"PASS"	1	3	0	NA	1	NA	3	"3"
"6480"	0	0	0.25	0.75	0	0	1	"PASS"	0.75	4	0.25	3	0.5	NA	3.75	"4+"
"6481"	0	0	0.53125	0.46875	0	0	1	"PASS"	0.53125	3	0.46875	4	0.0625	"tie"	3.46875	"3/4 tie"
"6482"	0	0	1	0	0	0	1	"PASS"	1	3	0	NA	1	NA	3	"3"
"6483"	0	0.00898203592814006	0.99101796	0	0	0	1	"PASS"	0.99101796	3	0.00898203592814006	2	0.98203592407186	NA	2.99101795185628	"3+"
"6520"	0	0	0.488916256157635	0.51108374	0	0	1	"PASS"	0.51108374	4	0.488916256157635	3	0.022167483842365	"tie"	3.51108372847291	"4/3 tie"
"6521"	0	0	0	1	0	0	1	"PASS"	1	4	0	NA	1	NA	4	"4"
"6522"	0	0	0.045454545454545	0.95454545	0	0	1	"PASS"	0.95454545	4	0.045454545454545	3	0.909090904545455	NA	3.95454543636363	"4+"
"6529"	0	0	0.520576131687243	0.47942387	0	0	1	"PASS"	0.520576131687243	3	0.47942387	4	0.0411522616872433	"tie"	3.47942387506173	"3/4 tie"
"6530"	0	0	1	0	0	0	1	"PASS"	1	3	0	NA	1	NA	3	"3"
"6531"	0	0.68181818181818	0.31818182	0	0	0	1	"PASS"	0.68181818181818	2	0.31818182	3	0.36363636181818	NA	2.31818182363636	"2-"
"6532"	0	0.16666666666667	0.83333333	0	0	0	1	"PASS"	0.83333333	3	0.16666666666667	2	0.66666666333333	NA	2.83333332333334	"3+"
"6533"	0	0	1	0	0	0	1	"PASS"	1	3	0	NA	1	NA	3	"3"
"6534"	0	0	1	0	0	0	1	"PASS"	1	3	0	NA	1	NA	3	"3"
"6537"	0	0.294354838709677	0.70564516	0	0	0	1	"PASS"	0.70564516	3	0.294354838709677	2	0.411290321290323	NA	2.70564515741935	"3+"
"6538"	0	0	0	1	0	0	1	"PASS"	1	4	0	NA	1	NA	4	"4"
"6539"	0	0	0.715355805243445	0.28464419	0	0	1	"PASS"	0.715355805243445	3	0.28464419	4	0.430711615243445	NA	3.28464417573034	"3-"
"6552"	0	0	0	0	1	0	1	"PASS"	1	5	0	NA	1	NA	5	"5"
"6555"	0	0	0	0	1	0	1	"PASS"	1	5	0	NA	1	NA	5	"5"
"6556"	0	0	0	0	1	0	1	"PASS"	1	5	0	NA	1	NA	5	"5"
"6557"	0	0	0	0	1	0	1	"PASS"	1	5	0	NA	1	NA	5	"5"
"6558"	0	0	0	0	0.685185185185183	0.31481481	1	"PASS"	0.685185185185183	5	0.31481481	6	0.370370375185183	NA	5.31481478592592	"5-"
"6559"	0	0	0	0	1	0	1	"PASS"	1	5	0	NA	1	NA	5	"5"
"6603"	0	0	0.986409155937053	0.01359084	0	0	1	"PASS"	0.986409155937053	3	0.01359084	4	0.972818315937053	NA	3.01359082781116	"3-"
"6604"	0	0	1	0	0	0	1	"PASS"	1	3	0	NA	1	NA	3	"3"
"6605"	0	0	1	0	0	0	1	"PASS"	1	3	0	NA	1	NA	3	"3"
"6606"	0	0	0.75	0.25	0	0	1	"PASS"	0.75	3	0.25	4	0.5	NA	3.25	"3-"
"6607"	0	0	0.209931170108162	0.79006883	0	0	1	"PASS"	0.79006883	4	0.209931170108162	3	0.580137659891838	NA	3.79006883032449	"4+"
"6608"	0	0.72222222222222	0.27777778	0	0	0	1	"PASS"	0.72222222222222	2	0.27777778	3	0.44444444222222	NA	2.27777778444444	"2-"
"6835"	0	0	0	1	0	0	1	"PASS"	1	4	0	NA	1	NA	4	"4"
"6836"	0	0	0	1	0	0	1	"PASS"	1	4	0	NA	1	NA	4	"4"
"6837"	0	0	0	1	0	0	1	"PASS"	1	4	0	NA	1	NA	4	"4"
"6838"	0	0	0	1	0	0	1	"PASS"	1	4	0	NA	1	NA	4	"4"
"6839"	0	0	0.3	0.7	0	0	1	"PASS"	0.7	4	0.3	3	0.4	NA	3.7	"4+"
"6840"	0	0	0	0.56617647058824	0.43382353	0	1	"PASS"	0.56617647058824	4	0.43382353	5	0.13235294058824	"yes"	4.43382353235296	"4-"
"7262"	0	0	0	1	0	0	1	"PASS"	1	4	0	NA	1	NA	4	"4"
"7263"	0	0.03447185325743	0.96552815	0	0	0	1	"PASS"	0.96552815	3	0.03447185325743	2	0.93105629674257	NA	2.96552815651486	"3+"
"7764"	0	0	0	0	1	0	1	"PASS"	1	5	0	NA	1	NA	5	"5"
"7765"	0	0	0	0	1	0	1	"PASS"	1	5	0	NA	1	NA	5	"5"
"7771"	0	0	0	0	1	0	1	"PASS"	1	5	0	NA	1	NA	5	"5"
"7772"	0	0	0	0	0	1	1	"PASS"	1	6	0	NA	1	NA	6	"6"
"7773"	1	0	0	0	0	0	1	"PASS"	1	1	0	NA	1	NA	1	"1"
"7774"	0	0.0769230769230775	0.92307692	0	0	0	1	"PASS"	0.92307692	3	0.0769230769230775	2	0.846153843076922	NA	2.92307691384616	"3+"
"8172"	0	0	1	0	0	0	1	"PASS"	1	3	0	NA	1	NA	3	"3"
"8173"	0	0	0.65714285714286	0.34285714	0	0	1	"PASS"	0.65714285714286	3	0.34285714	4	0.31428571714286	NA	3.34285713142858	"3-"
"8174"	0	0	0	0	1	0	1	"PASS"	1	5	0	NA	1	NA	5	"5"
"8198"	0	0	1	0	0	0	1	"PASS"	1	3	0	NA	1	NA	3	"3"
"8199"	0	0	0	1	0	0	1	"PASS"	1	4	0	NA	1	NA	4	"4"
"8201"	0	0	0	1	0	0	1	"PASS"	1	4	0	NA	1	NA	4	"4"
"8253"	0	0	0	1	0	0	1	"PASS"	1	4	0	NA	1	NA	4	"4"
"8254"	0	0	0.221485411140583	0.77851459	0	0	1	"PASS"	0.77851459	4	0.221485411140583	3	0.557029178859417	NA	3.77851459342175	"4+"
"8255"	0	0	0.675925925925925	0.32407407	0	0	1	"PASS"	0.675925925925925	3	0.32407407	4	0.351851855925925	NA	3.32407405777777	"3-"
"8271"	0	0	0.34517304189435	0.65482696	0	0	1	"PASS"	0.65482696	4	0.34517304189435	3	0.30965391810565	NA	3.65482696568305	"4+"
"8272"	0	0	1	0	0	0	1	"PASS"	1	3	0	NA	1	NA	3	"3"
"8273"	0	0.5	0.5	0	0	0	1	"PASS"	0.5	2	0.5	3	0	"tie"	2.5	"2/3 tie"
"8274"	0	0	0	1	0	0	1	"PASS"	1	4	0	NA	1	NA	4	"4"
"8275"	0	0	0	1	0	0	1	"PASS"	1	4	0	NA	1	NA	4	"4"
"8276"	0	1	0	0	0	0	1	"PASS"	1	2	0	NA	1	NA	2	"2"
"8321"	0	0	0.25	0.75	0	0	1	"PASS"	0.75	4	0.25	3	0.5	NA	3.75	"4+"
"8322"	0	0	0	1	0	0	1	"PASS"	1	4	0	NA	1	NA	4	"4"
"8323"	0	0	0.57936507936508	0.42063492	0	0	1	"PASS"	0.57936507936508	3	0.42063492	4	0.15873015936508	"yes"	3.42063491809524	"3-"
"8324"	0	0	0.3	0.7	0	0	1	"PASS"	0.7	4	0.3	3	0.4	NA	3.7	"4+"
"8349"	0	0	0.442528735632183	0.55747126	0	0	1	"PASS"	0.55747126	4	0.442528735632183	3	0.114942524367817	"yes"	3.55747124689655	"4+"
"8350"	0	0.29878048780488	0.70121951	0	0	0	1	"PASS"	0.70121951	3	0.29878048780488	2	0.40243902219512	NA	2.70121950560976	"3+"
"8351"	0	0	1	0	0	0	1	"PASS"	1	3	0	NA	1	NA	3	"3"
"8362"	0	0	0	1	0	0	1	"PASS"	1	4	0	NA	1	NA	4	"4"
"8363"	0	0	0.14019851116625	0.85980149	0	0	1	"PASS"	0.85980149	4	0.14019851116625	3	0.71960297883375	NA	3.85980149349875	"4+"
"8364"	0	0	0.75	0.25	0	0	1	"PASS"	0.75	3	0.25	4	0.5	NA	3.25	"3-"
"8365"	0	0.155405405405405	0	0.0810810810810798	0.76351351	0	1	"PASS"	0.76351351	5	0.155405405405405	2	0.608108104594595	NA	4.45270268513513	"4-"
"8495"	0	0	0.3	0.7	0	0	1	"PASS"	0.7	4	0.3	3	0.4	NA	3.7	"4+"
"8498"	0	0	0	0	1	0	1	"PASS"	1	5	0	NA	1	NA	5	"5"
"8499"	0	0	0	1	0	0	1	"PASS"	1	4	0	NA	1	NA	4	"4"
"8500"	0	0	0	1	0	0	1	"PASS"	1	4	0	NA	1	NA	4	"4"
"8510"	0	0	0	0	1	0	1	"PASS"	1	5	0	NA	1	NA	5	"5"
"8511"	0	0	0.42063492063492	0.57936508	0	0	1	"PASS"	0.57936508	4	0.42063492063492	3	0.15873015936508	"yes"	3.57936508190476	"4+"
"8512"	0	0	0.911020776874433	0.08897922	0	0	1	"PASS"	0.911020776874433	3	0.08897922	4	0.822041556874433	NA	3.0889792106233	"3-"
"8513"	0	0	1	0	0	0	1	"PASS"	1	3	0	NA	1	NA	3	"3"
"8561"	0	0.88345864661654	0.11654135	0	0	0	1	"PASS"	0.88345864661654	2	0.11654135	3	0.76691729661654	NA	2.11654134323308	"2-"
"8562"	0	0	0	1	0	0	1	"PASS"	1	4	0	NA	1	NA	4	"4"
"8563"	0	0	0	1	0	0	1	"PASS"	1	4	0	NA	1	NA	4	"4"
"8564"	0	0	1	0	0	0	1	"PASS"	1	3	0	NA	1	NA	3	"3"
"8593"	0	0	0	0	1	0	1	"PASS"	1	5	0	NA	1	NA	5	"5"
"8594"	0	0	1	0	0	0	1	"PASS"	1	3	0	NA	1	NA	3	"3"
"8595"	1	0	0	0	0	0	1	"PASS"	1	1	0	NA	1	NA	1	"1"
"8606"	0	0	1	0	0	0	1	"PASS"	1	3	0	NA	1	NA	3	"3"
"8607"	0	0	0	1	0	0	1	"PASS"	1	4	0	NA	1	NA	4	"4"
"8608"	0	0.5952380952381	0.4047619	0	0	0	1	"PASS"	0.5952380952381	2	0.4047619	3	0.1904761952381	"yes"	2.4047618904762	"2-"
"8609"	0	0	0	0	1	0	1	"PASS"	1	5	0	NA	1	NA	5	"5"
"8610"	0	0	0	0	1	0	1	"PASS"	1	5	0	NA	1	NA	5	"5"
"8644"	0	0	1	0	0	0	1	"PASS"	1	3	0	NA	1	NA	3	"3"
"8645"	0	0	1	0	0	0	1	"PASS"	1	3	0	NA	1	NA	3	"3"
"8646"	0	0	1	0	0	0	1	"PASS"	1	3	0	NA	1	NA	3	"3"
"8647"	0	0	0.75	0.25	0	0	1	"PASS"	0.75	3	0.25	4	0.5	NA	3.25	"3-"
"8648"	0	0	0	0	1	0	1	"PASS"	1	5	0	NA	1	NA	5	"5"
"8674"	0	0	0	1	0	0	1	"PASS"	1	4	0	NA	1	NA	4	"4"
"8675"	0	0	0	1	0	0	1	"PASS"	1	4	0	NA	1	NA	4	"4"
"8676"	0	0	0	1	0	0	1	"PASS"	1	4	0	NA	1	NA	4	"4"
"8677"	0	0	0	0	1	0	1	"PASS"	1	5	0	NA	1	NA	5	"5"
"8678"	0	0	0.960526315789473	0.03947368	0	0	1	"PASS"	0.960526315789473	3	0.03947368	4	0.921052635789473	NA	3.03947366736842	"3-"
"8679"	0	0.25581395348837	0.74418605	0	0	0	1	"PASS"	0.74418605	3	0.25581395348837	2	0.48837209651163	NA	2.74418605697674	"3+"
"8680"	0	0	0.832278481012658	0.16772152	0	0	1	"PASS"	0.832278481012658	3	0.16772152	4	0.664556961012658	NA	3.16772152303797	"3-"
"8681"	0	0	0	0	1	0	1	"PASS"	1	5	0	NA	1	NA	5	"5"
"8682"	0	0	0.75	0.25	0	0	1	"PASS"	0.75	3	0.25	4	0.5	NA	3.25	"3-"
"8692"	0	0	0.935139573070608	0.06486043	0	0	1	"PASS"	0.935139573070608	3	0.06486043	4	0.870279143070608	NA	3.06486043921183	"3-"
"8693"	0	0.5	0.5	0	0	0	1	"PASS"	0.5	2	0.5	3	0	"tie"	2.5	"2/3 tie"
"8694"	0	0	1	0	0	0	1	"PASS"	1	3	0	NA	1	NA	3	"3"
"8744"	0	0	1	0	0	0	1	"PASS"	1	3	0	NA	1	NA	3	"3"
"8750"	0	0	1	0	0	0	1	"PASS"	1	3	0	NA	1	NA	3	"3"
"8756"	0	0.5	0.5	0	0	0	1	"PASS"	0.5	2	0.5	3	0	"tie"	2.5	"2/3 tie"
"8757"	0	0	0.314814814814817	0.68518519	0	0	1	"PASS"	0.68518519	4	0.314814814814817	3	0.370370375185183	NA	3.68518520444445	"4+"
"8782"	0	0	0.806122448979592	0.19387755	0	0	1	"PASS"	0.806122448979592	3	0.19387755	4	0.612244898979592	NA	3.19387754693878	"3-"
"8784"	0	0	0	0	1	0	1	"PASS"	1	5	0	NA	1	NA	5	"5"
"8785"	0	0	0	0	0.83333333333333	0.16666667	1	"PASS"	0.83333333333333	5	0.16666667	6	0.66666666333333	NA	5.16666668666665	"5-"
"8787"	0	0	0	0.666666666666667	0.33333333	0	1	"PASS"	0.666666666666667	4	0.33333333	5	0.333333336666667	NA	4.33333331666667	"4-"
"8788"	0	0	0.75	0.25	0	0	1	"PASS"	0.75	3	0.25	4	0.5	NA	3.25	"3-"
"8789"	0	0	0	1	0	0	1	"PASS"	1	4	0	NA	1	NA	4	"4"
"8790"	0	0	0.25	0.75	0	0	1	"PASS"	0.75	4	0.25	3	0.5	NA	3.75	"4+"
"8815"	0	0	0	0.77777777777778	0.22222222	0	1	"PASS"	0.77777777777778	4	0.22222222	5	0.55555555777778	NA	4.22222221111112	"4-"
"8816"	0	0	0	1	0	0	1	"PASS"	1	4	0	NA	1	NA	4	"4"
"8817"	0	0	1	0	0	0	1	"PASS"	1	3	0	NA	1	NA	3	"3"
"8917"	0	0	0	0	1	0	1	"PASS"	1	5	0	NA	1	NA	5	"5"
"8919"	0	1	0	0	0	0	1	"PASS"	1	2	0	NA	1	NA	2	"2"
"8929"	0	0.0183246073298425	0.98167539	0	0	0	1	"PASS"	0.98167539	3	0.0183246073298425	2	0.963350782670158	NA	2.98167538465969	"3+"
"9627"	0	0	0.767175572519083	0.23282443	0	0	1	"PASS"	0.767175572519083	3	0.23282443	4	0.534351142519083	NA	3.23282443755725	"3-"
"9628"	0	0	0	1	0	0	1	"PASS"	1	4	0	NA	1	NA	4	"4"
"9629"	0	0	0	1	0	0	1	"PASS"	1	4	0	NA	1	NA	4	"4"
"9689"	0	0	0	1	0	0	1	"PASS"	1	4	0	NA	1	NA	4	"4"
"9754"	0	0	0	0.8768115942029	0.12318841	0	1	"PASS"	0.8768115942029	4	0.12318841	5	0.7536231842029	NA	4.1231884268116	"4-"
"9994"	0	0	1	0	0	0	1	"PASS"	1	3	0	NA	1	NA	3	"3"
"9995"	0	0.43908629441624	0.56091371	0	0	0	1	"PASS"	0.56091371	3	0.43908629441624	2	0.12182741558376	"yes"	2.56091371883248	"3+"
"9996"	0	0	0.5	0.5	0	0	1	"PASS"	0.5	3	0.5	4	0	"tie"	3.5	"3/4 tie"
"9998"	0	0	0	1	0	0	1	"PASS"	1	4	0	NA	1	NA	4	"4"
"9999"	0	0	0	1	0	0	1	"PASS"	1	4	0	NA	1	NA	4	"4"
