"SAMPLEID"	"INDEX_NAME"	"SITE_TYPE"	"L1"	"L2"	"L3"	"L4"	"L5"	"L6"
"10000"	"BCG_CT_2015"	"fish02"	0	0	0	1	0	0
"10001"	"BCG_CT_2015"	"fish02"	0	0	0	0	1	0
"10002"	"BCG_CT_2015"	"fish01"	0	0.75	0.25	0	0	0
"10003"	"BCG_CT_2015"	"fish01"	0.609375	0.390625	0	0	0	0
"10004"	"BCG_CT_2015"	"fish01"	0.013157894736842	0.5	0.48684211	0	0	0
"10124"	"BCG_CT_2015"	"fish01"	0	0	0	0	1	0
"10496"	"BCG_CT_2015"	"fish02"	0	0	0	0	0	1
"10498"	"BCG_CT_2015"	"fish02"	0	0	0.15201465201465	0.84798535	0	0
"10500"	"BCG_CT_2015"	"fish01"	0	0	0.5	0.5	0	0
"10501"	"BCG_CT_2015"	"fish02"	0	0	1	0	0	0
"10508"	"BCG_CT_2015"	"fish02"	0	0	1	0	0	0
"10582"	"BCG_CT_2015"	"fish01"	0	0	0	0	1	0
"10583"	"BCG_CT_2015"	"fish03"	0	0	0	1	0	0
"10589"	"BCG_CT_2015"	"fish03"	0	0.31818181818182	0.68181818	0	0	0
"10590"	"BCG_CT_2015"	"fish02"	0	0	0.0548780487804875	0.94512195	0	0
"10628"	"BCG_CT_2015"	"fish02"	0	1	0	0	0	0
"10629"	"BCG_CT_2015"	"fish02"	0	0	0	1	0	0
"10630"	"BCG_CT_2015"	"fish01"	0	0.25	0.75	0	0	0
"10712"	"BCG_CT_2015"	"fish03"	0	0	0	1	0	0
"10714"	"BCG_CT_2015"	"fish02"	0	0	0	1	0	0
"10716"	"BCG_CT_2015"	"fish02"	0	0	0	1	0	0
"10717"	"BCG_CT_2015"	"fish02"	0	0	0	1	0	0
"10754"	"BCG_CT_2015"	"fish01"	1	0	0	0	0	0
"10759"	"BCG_CT_2015"	"fish01"	0	0	0	0	1	0
"10802"	"BCG_CT_2015"	"fish02"	0	0	0.806122448979592	0.19387755	0	0
"10804"	"BCG_CT_2015"	"fish02"	0	0	0	1	0	0
"10861"	"BCG_CT_2015"	"fish02"	0	0	0	0.94444444444444	0.05555556	0
"10863"	"BCG_CT_2015"	"fish02"	0	0	1	0	0	0
"10864"	"BCG_CT_2015"	"fish03"	0	0	1	0	0	0
"10974"	"BCG_CT_2015"	"fish02"	0	0	0.731788079470198	0.26821192	0	0
"10979"	"BCG_CT_2015"	"fish02"	0	0	1	0	0	0
"10986"	"BCG_CT_2015"	"fish03"	0	0.29136690647482	0.70863309	0	0	0
"10990"	"BCG_CT_2015"	"fish01"	0	0	0	0	1	0
"10993"	"BCG_CT_2015"	"fish01"	0	0	1	0	0	0
"10994"	"BCG_CT_2015"	"fish01"	0	0	0	0	1	0
"10995"	"BCG_CT_2015"	"fish01"	0	0.75	0.25	0	0	0
"10998"	"BCG_CT_2015"	"fish01"	0	0	0	1	0	0
"11066"	"BCG_CT_2015"	"fish03"	0	0.093816631130065	0.843816631130065	0.06236674	0	0
"11067"	"BCG_CT_2015"	"fish01"	0.75	0.25	0	0	0	0
"11069"	"BCG_CT_2015"	"fish01"	0	0	0	1	0	0
"11122"	"BCG_CT_2015"	"fish02"	0	0.20731707317073	0.79268293	0	0	0
"11164"	"BCG_CT_2015"	"fish03"	0	0	0	0	1	0
"11165"	"BCG_CT_2015"	"fish03"	0	0	0	0.77586206896552	0.22413793	0
"11172"	"BCG_CT_2015"	"fish02"	0	0	1	0	0	0
"11224"	"BCG_CT_2015"	"fish02"	0	0	0	1	0	0
"11225"	"BCG_CT_2015"	"fish01"	0	0	0.25	0.75	0	0
"11227"	"BCG_CT_2015"	"fish01"	0	0	0	0.666666666666667	0.33333333	0
"11228"	"BCG_CT_2015"	"fish02"	0	0	0.586887835703002	0.41311216	0	0
"11229"	"BCG_CT_2015"	"fish02"	0	0.51923076923077	0.48076923	0	0	0
"11240"	"BCG_CT_2015"	"fish01"	0	0	0	1	0	0
"11481"	"BCG_CT_2015"	"fish03"	0	0	0	0	1	0
"11483"	"BCG_CT_2015"	"fish03"	0	0	0.457627118644068	0.54237288	0	0
"11564"	"BCG_CT_2015"	"fish01"	0	0.25	0.75	0	0	0
"12003"	"BCG_CT_2015"	"fish02"	0	0	0	1	0	0
"12004"	"BCG_CT_2015"	"fish02"	0	0	0	0	1	0
"12099"	"BCG_CT_2015"	"fish02"	0	0.21597633136095	0.78402367	0	0	0
"12223"	"BCG_CT_2015"	"fish01"	0	0	1	0	0	0
"12243"	"BCG_CT_2015"	"fish01"	0	0	0.5	0.5	0	0
"12534"	"BCG_CT_2015"	"fish03"	0	0	0	1	0	0
"12535"	"BCG_CT_2015"	"fish03"	0	0	0	0	1	0
"12536"	"BCG_CT_2015"	"fish03"	0	0	0.0222222222222199	0.97777778	0	0
"12537"	"BCG_CT_2015"	"fish03"	0	0	0.75	0.25	0	0
"12538"	"BCG_CT_2015"	"fish02"	0	0.86363636363636	0.13636364	0	0	0
"12540"	"BCG_CT_2015"	"fish03"	0	0	0	0	1	0
"12541"	"BCG_CT_2015"	"fish01"	0	0	0.5	0.5	0	0
"12542"	"BCG_CT_2015"	"fish01"	0	0	1	0	0	0
"12569"	"BCG_CT_2015"	"fish03"	0	0	0	0.43939393939394	0.56060606	0
"12570"	"BCG_CT_2015"	"fish02"	0	0	1	0	0	0
"12595"	"BCG_CT_2015"	"fish01"	0	0	0	0	1	0
"12597"	"BCG_CT_2015"	"fish01"	0	0	0	1	0	0
"12598"	"BCG_CT_2015"	"fish02"	0	0.20063694267516	0.79936306	0	0	0
"12676"	"BCG_CT_2015"	"fish01"	0	0	0	0	1	0
"12677"	"BCG_CT_2015"	"fish02"	0	0	1	0	0	0
"12678"	"BCG_CT_2015"	"fish02"	0	0	0.30350553505535	0.69649446	0	0
"12679"	"BCG_CT_2015"	"fish02"	0	0	0.628205128205133	0.37179487	0	0
"12680"	"BCG_CT_2015"	"fish03"	0	0	0.386942675159235	0.61305732	0	0
"12681"	"BCG_CT_2015"	"fish03"	0	0	0	1	0	0
"12683"	"BCG_CT_2015"	"fish01"	0	0	0	0	0	1
"12684"	"BCG_CT_2015"	"fish01"	0	0	0	1	0	0
"12685"	"BCG_CT_2015"	"fish02"	0	0	1	0	0	0
"12686"	"BCG_CT_2015"	"fish01"	0	0	0	1	0	0
"12724"	"BCG_CT_2015"	"fish02"	0	0	0	1	0	0
"12725"	"BCG_CT_2015"	"fish01"	0	0	0	0	1	0
"12726"	"BCG_CT_2015"	"fish02"	0	0	0	1	0	0
"12727"	"BCG_CT_2015"	"fish02"	0	0	0	1	0	0
"12728"	"BCG_CT_2015"	"fish02"	0	0	1	0	0	0
"12729"	"BCG_CT_2015"	"fish01"	0	0.5	0.5	0	0	0
"12730"	"BCG_CT_2015"	"fish01"	0	0.5	0.5	0	0	0
"12731"	"BCG_CT_2015"	"fish02"	0	0.8046875	0.1953125	0	0	0
"12732"	"BCG_CT_2015"	"fish01"	0	0	1	0	0	0
"12733"	"BCG_CT_2015"	"fish01"	0	0	0	0	1	0
"12734"	"BCG_CT_2015"	"fish01"	0	0	0	0	1	0
"12826"	"BCG_CT_2015"	"fish03"	0	0	0.305555555555555	0.69444444	0	0
"12827"	"BCG_CT_2015"	"fish03"	0	0.25	0.25	0.5	0	0
"12828"	"BCG_CT_2015"	"fish02"	0	0	1	0	0	0
"12829"	"BCG_CT_2015"	"fish02"	0	0	1	0	0	0
"12830"	"BCG_CT_2015"	"fish01"	0	0	0	1	0	0
"12831"	"BCG_CT_2015"	"fish01"	0	0.61111111111111	0.38888889	0	0	0
"12832"	"BCG_CT_2015"	"fish01"	0	0	0.75	0.25	0	0
"12833"	"BCG_CT_2015"	"fish02"	0	0	0.65714285714286	0.34285714	0	0
"12834"	"BCG_CT_2015"	"fish02"	0	0	0.3	0.7	0	0
"12897"	"BCG_CT_2015"	"fish02"	0	0	1	0	0	0
"12898"	"BCG_CT_2015"	"fish03"	0	0.11764705882353	0.88235294	0	0	0
"12899"	"BCG_CT_2015"	"fish02"	0	0	1	0	0	0
"12900"	"BCG_CT_2015"	"fish03"	0	0.25	0.25	0.5	0	0
"12901"	"BCG_CT_2015"	"fish02"	0	0	1	0	0	0
"12902"	"BCG_CT_2015"	"fish03"	0	0	0.75	0.25	0	0
"12990"	"BCG_CT_2015"	"fish02"	0	0.5	0.5	0	0	0
"12991"	"BCG_CT_2015"	"fish03"	0	0	0.5	0.5	0	0
"12992"	"BCG_CT_2015"	"fish03"	0	0	1	0	0	0
"12993"	"BCG_CT_2015"	"fish02"	1	0	0	0	0	0
"13037"	"BCG_CT_2015"	"fish01"	0	0	0	1	0	0
"13038"	"BCG_CT_2015"	"fish01"	0	0	0	1	0	0
"13039"	"BCG_CT_2015"	"fish02"	0	0	1	0	0	0
"13040"	"BCG_CT_2015"	"fish01"	0	0	0	0	1	0
"13041"	"BCG_CT_2015"	"fish02"	0	0.5	0.5	0	0	0
"13042"	"BCG_CT_2015"	"fish02"	0	0	0.2766323024055	0.7233677	0	0
"13043"	"BCG_CT_2015"	"fish03"	0	0.21428571428571	0.5	0.28571429	0	0
"13044"	"BCG_CT_2015"	"fish03"	0	0	1	0	0	0
"13045"	"BCG_CT_2015"	"fish03"	0	0	0.5	0.5	0	0
"13070"	"BCG_CT_2015"	"fish03"	0	0	0	1	0	0
"13102"	"BCG_CT_2015"	"fish03"	0	0.72222222222222	0.27777778	0	0	0
"13103"	"BCG_CT_2015"	"fish03"	0	0	0	1	0	0
"13104"	"BCG_CT_2015"	"fish02"	0	0	0	1	0	0
"13105"	"BCG_CT_2015"	"fish01"	0	0	0	1	0	0
"13106"	"BCG_CT_2015"	"fish01"	0	0	0.25	0.75	0	0
"13107"	"BCG_CT_2015"	"fish01"	0	0	0	0	1	0
"13108"	"BCG_CT_2015"	"fish01"	0	1	0	0	0	0
"13109"	"BCG_CT_2015"	"fish01"	0	0	0	1	0	0
"13146"	"BCG_CT_2015"	"fish02"	0	0.0894039735099299	0.91059603	0	0	0
"13147"	"BCG_CT_2015"	"fish01"	0	0	0	1	0	0
"13148"	"BCG_CT_2015"	"fish01"	0	0	0.5	0.5	0	0
"13149"	"BCG_CT_2015"	"fish01"	0	0	0.5	0.5	0	0
"13150"	"BCG_CT_2015"	"fish01"	0	0	0.554347826086957	0.44565217	0	0
"13152"	"BCG_CT_2015"	"fish03"	0	0	0	0	1	0
"13153"	"BCG_CT_2015"	"fish03"	0	0	0	1	0	0
"13154"	"BCG_CT_2015"	"fish03"	0	0	0	1	0	0
"13155"	"BCG_CT_2015"	"fish01"	0	0	0	1	0	0
"13156"	"BCG_CT_2015"	"fish01"	0	0	0	1	0	0
"13157"	"BCG_CT_2015"	"fish01"	0	0	0	0	1	0
"13158"	"BCG_CT_2015"	"fish02"	0	0	0	1	0	0
"13159"	"BCG_CT_2015"	"fish01"	0	0	0	1	0	0
"13199"	"BCG_CT_2015"	"fish01"	0	0	1	0	0	0
"13200"	"BCG_CT_2015"	"fish01"	0	0	0.25	0.75	0	0
"13201"	"BCG_CT_2015"	"fish01"	0	0	1	0	0	0
"13202"	"BCG_CT_2015"	"fish02"	0	0.4047619047619	0.5952381	0	0	0
"13203"	"BCG_CT_2015"	"fish01"	0	0	1	0	0	0
"13244"	"BCG_CT_2015"	"fish01"	0	0	1	0	0	0
"13245"	"BCG_CT_2015"	"fish01"	0	0	0	0	1	0
"13246"	"BCG_CT_2015"	"fish01"	0	0	0	0	1	0
"13247"	"BCG_CT_2015"	"fish01"	0	0	0	1	0	0
"13277"	"BCG_CT_2015"	"fish01"	0	0.44117647058824	0.55882353	0	0	0
"13278"	"BCG_CT_2015"	"fish01"	0	1	0	0	0	0
"13279"	"BCG_CT_2015"	"fish01"	0	0	0.5	0.5	0	0
"13280"	"BCG_CT_2015"	"fish01"	0	0.54347826086957	0.45652174	0	0	0
"13281"	"BCG_CT_2015"	"fish01"	1	0	0	0	0	0
"13282"	"BCG_CT_2015"	"fish01"	0	1	0	0	0	0
"13302"	"BCG_CT_2015"	"fish02"	0	0	0.65714285714286	0.34285714	0	0
"13303"	"BCG_CT_2015"	"fish02"	0	0.0625	0.9375	0	0	0
"13305"	"BCG_CT_2015"	"fish01"	0	0	0	1	0	0
"13307"	"BCG_CT_2015"	"fish03"	0	0	0.848837209302325	0.15116279	0	0
"13308"	"BCG_CT_2015"	"fish03"	0	0	1	0	0	0
"13309"	"BCG_CT_2015"	"fish03"	0	0.246231155778895	0.75376884	0	0	0
"13310"	"BCG_CT_2015"	"fish03"	0	0	0.786624203821657	0.2133758	0	0
"13311"	"BCG_CT_2015"	"fish03"	0	0	0.46666666666666	0.53333333	0	0
"13312"	"BCG_CT_2015"	"fish02"	0	0.789915966386554	0.21008403	0	0	0
"13313"	"BCG_CT_2015"	"fish01"	0	0	0	1	0	0
"13314"	"BCG_CT_2015"	"fish01"	0	0.5	0.5	0	0	0
"13354"	"BCG_CT_2015"	"fish03"	0	0	0.772727272727272	0.22727273	0	0
"13692"	"BCG_CT_2015"	"fish03"	0	0	0.3729446935725	0.62705531	0	0
"13694"	"BCG_CT_2015"	"fish01"	0	0	0	1	0	0
"13695"	"BCG_CT_2015"	"fish01"	1	0	0	0	0	0
"13763"	"BCG_CT_2015"	"fish03"	0	0	0	0.5625	0.4375	0
"13764"	"BCG_CT_2015"	"fish03"	0	0	0	0	1	0
"13765"	"BCG_CT_2015"	"fish03"	0	0	0	0	1	0
"13766"	"BCG_CT_2015"	"fish03"	0	0	0	1	0	0
"13795"	"BCG_CT_2015"	"fish01"	0	1	0	0	0	0
"13876"	"BCG_CT_2015"	"fish03"	0	0	0	1	0	0
"13877"	"BCG_CT_2015"	"fish02"	0	0.937185929648241	0.06281407	0	0	0
"13890"	"BCG_CT_2015"	"fish03"	0	0	0	0	1	0
"13891"	"BCG_CT_2015"	"fish03"	0	0	0	1	0	0
"14240"	"BCG_CT_2015"	"fish02"	0	0	1	0	0	0
"14241"	"BCG_CT_2015"	"fish02"	0	0	0	1	0	0
"14242"	"BCG_CT_2015"	"fish02"	0	1	0	0	0	0
"14243"	"BCG_CT_2015"	"fish02"	0	0	1	0	0	0
"14244"	"BCG_CT_2015"	"fish02"	0	0	1	0	0	0
"14245"	"BCG_CT_2015"	"fish02"	0	0	0.450980392156867	0.54901961	0	0
"14246"	"BCG_CT_2015"	"fish02"	0	0.440298507462688	0.55970149	0	0	0
"14247"	"BCG_CT_2015"	"fish03"	0	0.603174603174602	0.3968254	0	0	0
"14248"	"BCG_CT_2015"	"fish02"	0	0	0	1	0	0
"14249"	"BCG_CT_2015"	"fish03"	0	0.75	0.25	0	0	0
"14321"	"BCG_CT_2015"	"fish02"	0	1	0	0	0	0
"14322"	"BCG_CT_2015"	"fish02"	0	0.385245901639345	0.6147541	0	0	0
"14323"	"BCG_CT_2015"	"fish02"	0	0	1	0	0	0
"14324"	"BCG_CT_2015"	"fish02"	0	0	1	0	0	0
"14325"	"BCG_CT_2015"	"fish02"	0	0.06626506024096	0.93373494	0	0	0
"14326"	"BCG_CT_2015"	"fish02"	0	0.233128834355828	0.76687117	0	0	0
"14327"	"BCG_CT_2015"	"fish03"	0	0.096385542168675	0.90361446	0	0	0
"14328"	"BCG_CT_2015"	"fish02"	0	0.27536231884058	0.30072463768116	0.42391304	0	0
"14329"	"BCG_CT_2015"	"fish02"	0	0	1	0	0	0
"14330"	"BCG_CT_2015"	"fish03"	0	0	0.0767716535433074	0.92322835	0	0
"14331"	"BCG_CT_2015"	"fish02"	0	0	1	0	0	0
"14332"	"BCG_CT_2015"	"fish02"	0	0	0.0833333333333333	0.91666667	0	0
"14334"	"BCG_CT_2015"	"fish01"	0	1	0	0	0	0
"14335"	"BCG_CT_2015"	"fish02"	0	0	0	0	1	0
"14336"	"BCG_CT_2015"	"fish02"	0	0	0	1	0	0
"14337"	"BCG_CT_2015"	"fish01"	0	0	0.5	0.5	0	0
"14338"	"BCG_CT_2015"	"fish02"	0	0	0	1	0	0
"14339"	"BCG_CT_2015"	"fish01"	0	1	0	0	0	0
"14397"	"BCG_CT_2015"	"fish01"	0	1	0	0	0	0
"14398"	"BCG_CT_2015"	"fish02"	0	0	0	1	0	0
"14399"	"BCG_CT_2015"	"fish02"	0	1	0	0	0	0
"14400"	"BCG_CT_2015"	"fish02"	0	0	0	1	0	0
"14401"	"BCG_CT_2015"	"fish02"	0	0	0	0	1	0
"14402"	"BCG_CT_2015"	"fish02"	0	0.468085106382978	0.53191489	0	0	0
"14403"	"BCG_CT_2015"	"fish02"	0	0	0.0833333333333333	0.91666667	0	0
"14435"	"BCG_CT_2015"	"fish01"	0	0	0	1	0	0
"14436"	"BCG_CT_2015"	"fish03"	0	0	0	0	1	0
"14437"	"BCG_CT_2015"	"fish02"	0	0.879227053140097	0	0.12077295	0	0
"14438"	"BCG_CT_2015"	"fish03"	0	0	0	0	1	0
"14439"	"BCG_CT_2015"	"fish01"	0	0	1	0	0	0
"14440"	"BCG_CT_2015"	"fish03"	0	0	0.553763440860215	0.44623656	0	0
"14441"	"BCG_CT_2015"	"fish01"	0	0	0	0	1	0
"14460"	"BCG_CT_2015"	"fish03"	0	0	1	0	0	0
"14466"	"BCG_CT_2015"	"fish03"	0	0	0	1	0	0
"14467"	"BCG_CT_2015"	"fish03"	0	0	0	1	0	0
"14468"	"BCG_CT_2015"	"fish03"	0	0	0.5	0.5	0	0
"14469"	"BCG_CT_2015"	"fish01"	0	0	1	0	0	0
"14541"	"BCG_CT_2015"	"fish01"	0	0	0.75	0.25	0	0
"14542"	"BCG_CT_2015"	"fish01"	0	0	0	0	1	0
"14609"	"BCG_CT_2015"	"fish03"	0	0.392712550607287	0.60728745	0	0	0
"14610"	"BCG_CT_2015"	"fish02"	0	0	1	0	0	0
"14611"	"BCG_CT_2015"	"fish02"	0	0	1	0	0	0
"14612"	"BCG_CT_2015"	"fish01"	0	0	0	1	0	0
"14615"	"BCG_CT_2015"	"fish02"	0	0.93243243243243	0.06756757	0	0	0
"14616"	"BCG_CT_2015"	"fish02"	0	0	0.74390243902439	0.25609756	0	0
"14617"	"BCG_CT_2015"	"fish03"	0	0.137931034482757	0.86206897	0	0	0
"14618"	"BCG_CT_2015"	"fish03"	0	0	0.166666666666668	0.83333333	0	0
"14620"	"BCG_CT_2015"	"fish01"	0	0	0.5	0.5	0	0
"14658"	"BCG_CT_2015"	"fish02"	0	0	1	0	0	0
"14659"	"BCG_CT_2015"	"fish02"	0	0.64285714285714	0.35714286	0	0	0
"14685"	"BCG_CT_2015"	"fish01"	0	0	0.5	0.5	0	0
"14686"	"BCG_CT_2015"	"fish01"	0	0	1	0	0	0
"14687"	"BCG_CT_2015"	"fish03"	0	0	0	0.25	0.75	0
"14688"	"BCG_CT_2015"	"fish02"	0	0	0	0	1	0
"14689"	"BCG_CT_2015"	"fish02"	0	0	0	0	1	0
"14715"	"BCG_CT_2015"	"fish02"	0	0	1	0	0	0
"14717"	"BCG_CT_2015"	"fish02"	0	0	0	1	0	0
"14719"	"BCG_CT_2015"	"fish02"	0	0	1	0	0	0
"14723"	"BCG_CT_2015"	"fish03"	0	0	0.75	0.25	0	0
"14724"	"BCG_CT_2015"	"fish03"	0	0	0.5	0.5	0	0
"14726"	"BCG_CT_2015"	"fish03"	0	0	0	1	0	0
"14727"	"BCG_CT_2015"	"fish02"	0	0	1	0	0	0
"14764"	"BCG_CT_2015"	"fish02"	0	0	0	1	0	0
"14765"	"BCG_CT_2015"	"fish03"	0	0.6415770609319	0.35842294	0	0	0
"14766"	"BCG_CT_2015"	"fish03"	0	0.5	0.5	0	0	0
"14767"	"BCG_CT_2015"	"fish03"	0	0	1	0	0	0
"14768"	"BCG_CT_2015"	"fish03"	0	0	1	0	0	0
"14769"	"BCG_CT_2015"	"fish03"	0	0	0.75	0.25	0	0
"14770"	"BCG_CT_2015"	"fish03"	0	0	1	0	0	0
"14897"	"BCG_CT_2015"	"fish02"	0	0	1	0	0	0
"14898"	"BCG_CT_2015"	"fish01"	0	0	0	0	1	0
"14899"	"BCG_CT_2015"	"fish02"	0	0	1	0	0	0
"14900"	"BCG_CT_2015"	"fish02"	0	0	0.666666666666667	0.33333333	0	0
"14901"	"BCG_CT_2015"	"fish02"	0	0	0.3	0.7	0	0
"14940"	"BCG_CT_2015"	"fish02"	0	0	0	1	0	0
"14941"	"BCG_CT_2015"	"fish02"	0	0.576271186440678	0	0.42372881	0	0
"14942"	"BCG_CT_2015"	"fish02"	0	0	0	1	0	0
"14943"	"BCG_CT_2015"	"fish02"	0	0.5	0.5	0	0	0
"14944"	"BCG_CT_2015"	"fish01"	0	0	0.356194690265488	0	0.64380531	0
"14945"	"BCG_CT_2015"	"fish02"	0	0	1	0	0	0
"14946"	"BCG_CT_2015"	"fish03"	0	0.545454545454545	0.45454545	0	0	0
"14947"	"BCG_CT_2015"	"fish01"	0	0	1	0	0	0
"14948"	"BCG_CT_2015"	"fish03"	0	0.926253687315634	0.07374631	0	0	0
"14949"	"BCG_CT_2015"	"fish01"	0	0	0	1	0	0
"14950"	"BCG_CT_2015"	"fish02"	0	0.757281553398058	0.24271845	0	0	0
"14969"	"BCG_CT_2015"	"fish02"	0	0	0.800546448087432	0.19945355	0	0
"14970"	"BCG_CT_2015"	"fish03"	0	0	0	1	0	0
"14984"	"BCG_CT_2015"	"fish03"	0	0	0.6183970856102	0.38160291	0	0
"14985"	"BCG_CT_2015"	"fish03"	0	0	1	0	0	0
"14986"	"BCG_CT_2015"	"fish03"	0	0	0	1	0	0
"14987"	"BCG_CT_2015"	"fish02"	0	0	0	1	0	0
"15043"	"BCG_CT_2015"	"fish02"	0	0	0	0.78571428571429	0.21428571	0
"15044"	"BCG_CT_2015"	"fish02"	0.5	0.5	0	0	0	0
"15045"	"BCG_CT_2015"	"fish02"	0	0	1	0	0	0
"15057"	"BCG_CT_2015"	"fish02"	0	0.489795918367347	0.51020408	0	0	0
"15058"	"BCG_CT_2015"	"fish02"	0	0.479166666666668	0.52083333	0	0	0
"15094"	"BCG_CT_2015"	"fish01"	0	0	0	0.333333333333333	0.66666667	0
"15461"	"BCG_CT_2015"	"fish02"	0	0	0.617370892018783	0.38262911	0	0
"15462"	"BCG_CT_2015"	"fish02"	0	0	0.772727272727272	0.22727273	0	0
"15463"	"BCG_CT_2015"	"fish03"	0	0	0.5	0.5	0	0
"15464"	"BCG_CT_2015"	"fish03"	0	0	0.75	0.25	0	0
"15465"	"BCG_CT_2015"	"fish02"	0	0.184782608695653	0.81521739	0	0	0
"15466"	"BCG_CT_2015"	"fish02"	0	0	0.4859943977591	0.5140056	0	0
"15467"	"BCG_CT_2015"	"fish02"	0	0	0	1	0	0
"15477"	"BCG_CT_2015"	"fish01"	0	0	0	0	1	0
"15530"	"BCG_CT_2015"	"fish02"	0	0	0	1	0	0
"15531"	"BCG_CT_2015"	"fish02"	0	0	0	1	0	0
"15532"	"BCG_CT_2015"	"fish02"	0	0	0	1	0	0
"15533"	"BCG_CT_2015"	"fish01"	0	0	0	0	1	0
"15551"	"BCG_CT_2015"	"fish01"	0	0	0	0	1	0
"15585"	"BCG_CT_2015"	"fish03"	0	0	0	0.10606060606061	0.89393939	0
"15589"	"BCG_CT_2015"	"fish03"	0	0	0.75	0.25	0	0
"15590"	"BCG_CT_2015"	"fish03"	0	0	0	1	0	0
"15599"	"BCG_CT_2015"	"fish01"	0	0	0.5	0.5	0	0
"15600"	"BCG_CT_2015"	"fish01"	0	0	1	0	0	0
"15602"	"BCG_CT_2015"	"fish01"	0	0	0	0	0	1
"15603"	"BCG_CT_2015"	"fish01"	0	1	0	0	0	0
"15734"	"BCG_CT_2015"	"fish02"	0	0	1	0	0	0
"15735"	"BCG_CT_2015"	"fish03"	0	0	0	1	0	0
"15736"	"BCG_CT_2015"	"fish02"	0	0	0	0	0.666666666666667	0.33333333
"15737"	"BCG_CT_2015"	"fish02"	0	0	1	0	0	0
"15738"	"BCG_CT_2015"	"fish03"	0	0	0	1	0	0
"15739"	"BCG_CT_2015"	"fish02"	0	0.0154639175257696	0.98453608	0	0	0
"15740"	"BCG_CT_2015"	"fish03"	0	0.25	0.25	0.5	0	0
"15741"	"BCG_CT_2015"	"fish03"	0	0	1	0	0	0
"15742"	"BCG_CT_2015"	"fish03"	0	0	0.25	0.75	0	0
"15743"	"BCG_CT_2015"	"fish03"	0	0	0	0.78571428571429	0.21428571	0
"15834"	"BCG_CT_2015"	"fish03"	0	0	0	0.21428571428571	0.78571429	0
"15835"	"BCG_CT_2015"	"fish03"	0	0.5	0.5	0	0	0
"18771"	"BCG_CT_2015"	"fish03"	0	0	0	1	0	0
"18772"	"BCG_CT_2015"	"fish03"	0	0	0	1	0	0
"18773"	"BCG_CT_2015"	"fish03"	0	0	0	0.9	0.1	0
"18774"	"BCG_CT_2015"	"fish02"	0	0.64583333333333	0.35416667	0	0	0
"1921"	"BCG_CT_2015"	"fish02"	0	0	0	0	1	0
"1922"	"BCG_CT_2015"	"fish02"	0	0	0	1	0	0
"1923"	"BCG_CT_2015"	"fish02"	0	0	0	0	1	0
"19777"	"BCG_CT_2015"	"fish01"	0	0	0	0	1	0
"2022"	"BCG_CT_2015"	"fish03"	0	0	0	0.67977528089888	0.32022472	0
"2024"	"BCG_CT_2015"	"fish03"	0	0	0	1	0	0
"2025"	"BCG_CT_2015"	"fish03"	0	0	0	1	0	0
"20253"	"BCG_CT_2015"	"fish01"	0	0	1	0	0	0
"20254"	"BCG_CT_2015"	"fish01"	0	0	1	0	0	0
"20255"	"BCG_CT_2015"	"fish01"	0	0	1	0	0	0
"20256"	"BCG_CT_2015"	"fish01"	0	0	1	0	0	0
"20313"	"BCG_CT_2015"	"fish01"	0	0	0	0.666666666666667	0.33333333	0
"20314"	"BCG_CT_2015"	"fish01"	0	0	0	0	1	0
"20315"	"BCG_CT_2015"	"fish01"	0	1	0	0	0	0
"20316"	"BCG_CT_2015"	"fish01"	0	0	0	0.666666666666667	0.33333333	0
"20317"	"BCG_CT_2015"	"fish01"	0	1	0	0	0	0
"20318"	"BCG_CT_2015"	"fish01"	0	0.75	0.25	0	0	0
"20362"	"BCG_CT_2015"	"fish01"	0	0	1	0	0	0
"20363"	"BCG_CT_2015"	"fish02"	0	0	0	1	0	0
"20365"	"BCG_CT_2015"	"fish02"	0	0	0	1	0	0
"20366"	"BCG_CT_2015"	"fish01"	0	0	0.313829787234043	0.333333333333333	0.35283688	0
"20367"	"BCG_CT_2015"	"fish03"	0	0	0.75	0.25	0	0
"20368"	"BCG_CT_2015"	"fish03"	0	0	1	0	0	0
"20369"	"BCG_CT_2015"	"fish03"	0	0	0.25	0.75	0	0
"20383"	"BCG_CT_2015"	"fish03"	0	0	0	0	1	0
"20384"	"BCG_CT_2015"	"fish03"	0	0	0.5	0.5	0	0
"20385"	"BCG_CT_2015"	"fish03"	0	0	0.5	0.5	0	0
"20386"	"BCG_CT_2015"	"fish03"	0	0.75	0.25	0	0	0
"20387"	"BCG_CT_2015"	"fish03"	0	0.39814814814815	0.60185185	0	0	0
"20438"	"BCG_CT_2015"	"fish02"	0	1	0	0	0	0
"20439"	"BCG_CT_2015"	"fish01"	0	0.5	0.5	0	0	0
"20440"	"BCG_CT_2015"	"fish01"	0	0	1	0	0	0
"20492"	"BCG_CT_2015"	"fish01"	0	0	1	0	0	0
"20493"	"BCG_CT_2015"	"fish02"	0	0	0	1	0	0
"20494"	"BCG_CT_2015"	"fish01"	0	0	0	0	1	0
"20495"	"BCG_CT_2015"	"fish01"	0	1	0	0	0	0
"20496"	"BCG_CT_2015"	"fish02"	0	0	1	0	0	0
"20497"	"BCG_CT_2015"	"fish01"	0	0	0	1	0	0
"20498"	"BCG_CT_2015"	"fish02"	0	0	0	1	0	0
"20593"	"BCG_CT_2015"	"fish01"	0	0	0.25	0.75	0	0
"20594"	"BCG_CT_2015"	"fish03"	0	0.118942731277533	0.88105727	0	0	0
"20630"	"BCG_CT_2015"	"fish02"	0.5	0.5	0	0	0	0
"20631"	"BCG_CT_2015"	"fish01"	0	1	0	0	0	0
"20632"	"BCG_CT_2015"	"fish01"	0	0	0.317073170731708	0.666666666666667	0.01626016	0
"20654"	"BCG_CT_2015"	"fish03"	0	0	1	0	0	0
"20655"	"BCG_CT_2015"	"fish03"	0	0	0	0.23033707865169	0.76966292	0
"20657"	"BCG_CT_2015"	"fish01"	0	0	1	0	0	0
"20658"	"BCG_CT_2015"	"fish01"	0	0.53571428571429	0.46428571	0	0	0
"20659"	"BCG_CT_2015"	"fish01"	0	1	0	0	0	0
"20768"	"BCG_CT_2015"	"fish03"	0	0	0	1	0	0
"20769"	"BCG_CT_2015"	"fish03"	0	0	0	1	0	0
"20873"	"BCG_CT_2015"	"fish03"	0	0.873096446700508	0.12690355	0	0	0
"20874"	"BCG_CT_2015"	"fish02"	0	0	1	0	0	0
"20875"	"BCG_CT_2015"	"fish01"	0	0	0	0	1	0
"20876"	"BCG_CT_2015"	"fish01"	0	0	1	0	0	0
"20924"	"BCG_CT_2015"	"fish02"	0	0.31818181818182	0.68181818	0	0	0
"20925"	"BCG_CT_2015"	"fish03"	0	0.20552147239264	0.79447853	0	0	0
"20928"	"BCG_CT_2015"	"fish02"	0	1	0	0	0	0
"20929"	"BCG_CT_2015"	"fish01"	0	0	0	1	0	0
"20930"	"BCG_CT_2015"	"fish01"	1	0	0	0	0	0
"21127"	"BCG_CT_2015"	"fish01"	0	0.75	0.25	0	0	0
"21182"	"BCG_CT_2015"	"fish01"	0	0	0.84744408945687	0.15255591	0	0
"21183"	"BCG_CT_2015"	"fish03"	0	0	0	1	0	0
"21184"	"BCG_CT_2015"	"fish03"	0	0.16666666666667	0.83333333	0	0	0
"21185"	"BCG_CT_2015"	"fish02"	0	0	0	1	0	0
"21186"	"BCG_CT_2015"	"fish02"	0	0	0.196969696969697	0.8030303	0	0
"21187"	"BCG_CT_2015"	"fish01"	0	0	0	1	0	0
"21188"	"BCG_CT_2015"	"fish02"	0	0	0	1	0	0
"21189"	"BCG_CT_2015"	"fish02"	0	0	0.3	0.7	0	0
"21191"	"BCG_CT_2015"	"fish01"	0	0	0.75	0.25	0	0
"21192"	"BCG_CT_2015"	"fish02"	0	0	0	0	1	0
"21193"	"BCG_CT_2015"	"fish01"	0	0.75	0.25	0	0	0
"21194"	"BCG_CT_2015"	"fish01"	0	0	0	1	0	0
"21195"	"BCG_CT_2015"	"fish03"	0	0	0	0.75	0.25	0
"21196"	"BCG_CT_2015"	"fish03"	0	0	0	0.3411214953271	0.6588785	0
"21197"	"BCG_CT_2015"	"fish03"	0	0	0	1	0	0
"21198"	"BCG_CT_2015"	"fish03"	0	0	1	0	0	0
"21231"	"BCG_CT_2015"	"fish03"	0	0.107142857142858	0.89285714	0	0	0
"21232"	"BCG_CT_2015"	"fish02"	0	0	1	0	0	0
"21233"	"BCG_CT_2015"	"fish02"	0.474489795918368	0.5255102	0	0	0	0
"21234"	"BCG_CT_2015"	"fish01"	0	0	0.670454545454545	0.32954545	0	0
"21300"	"BCG_CT_2015"	"fish02"	0	0	0	1	0	0
"21301"	"BCG_CT_2015"	"fish02"	0	0.571428571428573	0.42857143	0	0	0
"21302"	"BCG_CT_2015"	"fish02"	0	1	0	0	0	0
"21303"	"BCG_CT_2015"	"fish03"	0	0.71264367816092	0.28735632	0	0	0
"21304"	"BCG_CT_2015"	"fish03"	0	0.16666666666667	0.83333333	0	0	0
"21305"	"BCG_CT_2015"	"fish03"	0	0	0.5	0.5	0	0
"21306"	"BCG_CT_2015"	"fish03"	0	1	0	0	0	0
"21307"	"BCG_CT_2015"	"fish01"	0	0	1	0	0	0
"21308"	"BCG_CT_2015"	"fish01"	0	0	0	0.333333333333333	0.66666667	0
"21309"	"BCG_CT_2015"	"fish01"	0	0	0	1	0	0
"21310"	"BCG_CT_2015"	"fish01"	0	0.25	0.75	0	0	0
"21311"	"BCG_CT_2015"	"fish01"	0	0	1	0	0	0
"21312"	"BCG_CT_2015"	"fish01"	0	0	0	0	1	0
"21313"	"BCG_CT_2015"	"fish02"	0	0.657534246575342	0.34246575	0	0	0
"21320"	"BCG_CT_2015"	"fish03"	0	0	0.401129943502817	0.59887006	0	0
"21321"	"BCG_CT_2015"	"fish02"	0	0	1	0	0	0
"21322"	"BCG_CT_2015"	"fish01"	1	0	0	0	0	0
"21438"	"BCG_CT_2015"	"fish02"	0	0	0	1	0	0
"21439"	"BCG_CT_2015"	"fish02"	0	0	0	1	0	0
"21440"	"BCG_CT_2015"	"fish01"	0	0	0	1	0	0
"21441"	"BCG_CT_2015"	"fish01"	0	0	0	1	0	0
"21442"	"BCG_CT_2015"	"fish01"	0	0	0	1	0	0
"21443"	"BCG_CT_2015"	"fish01"	0	0	1	0	0	0
"21444"	"BCG_CT_2015"	"fish01"	0	0	0	1	0	0
"21463"	"BCG_CT_2015"	"fish01"	0	0	0.5	0.5	0	0
"21464"	"BCG_CT_2015"	"fish02"	0	0	0	0	0	1
"21465"	"BCG_CT_2015"	"fish01"	0	0	0	0	0.635135135135133	0.36486486
"21472"	"BCG_CT_2015"	"fish01"	0	0.404255319148935	0.59574468	0	0	0
"21473"	"BCG_CT_2015"	"fish01"	0	0.5	0.5	0	0	0
"21474"	"BCG_CT_2015"	"fish02"	0	0	0	0	0.666666666666667	0.33333333
"21475"	"BCG_CT_2015"	"fish02"	0	0	0	0	0.333333333333333	0.66666667
"21477"	"BCG_CT_2015"	"fish01"	0	0	0	0	0.348484848484848	0.65151515
"21545"	"BCG_CT_2015"	"fish01"	0	0	0	0	0	1
"21546"	"BCG_CT_2015"	"fish01"	0	0	0	0	1	0
"21547"	"BCG_CT_2015"	"fish01"	0	0	0	1	0	0
"21548"	"BCG_CT_2015"	"fish01"	0	0	0.75	0.25	0	0
"21557"	"BCG_CT_2015"	"fish01"	0	0.75	0.25	0	0	0
"21561"	"BCG_CT_2015"	"fish01"	0	0	0	0	0.83333333333333	0.16666667
"21612"	"BCG_CT_2015"	"fish02"	0	0	0	0.0593220338983103	0.94067797	0
"21613"	"BCG_CT_2015"	"fish02"	0	0	0	1	0	0
"22112"	"BCG_CT_2015"	"fish03"	0	0	0	1	0	0
"22113"	"BCG_CT_2015"	"fish03"	0	0	0	0	1	0
"22114"	"BCG_CT_2015"	"fish03"	0	0	0.062841530054645	0.93715847	0	0
"22209"	"BCG_CT_2015"	"fish03"	0	0.31818181818182	0.68181818	0	0	0
"22344"	"BCG_CT_2015"	"fish01"	0	0	0	0	1	0
"22345"	"BCG_CT_2015"	"fish02"	0	0	0	1	0	0
"22346"	"BCG_CT_2015"	"fish02"	0	0	0	1	0	0
"22347"	"BCG_CT_2015"	"fish02"	0	0	0	1	0	0
"2978"	"BCG_CT_2015"	"fish02"	0	0	0	0.18	0.82	0
"2979"	"BCG_CT_2015"	"fish02"	0	0	0	1	0	0
"2987"	"BCG_CT_2015"	"fish02"	0	0.55555555555556	0.44444444	0	0	0
"2991"	"BCG_CT_2015"	"fish01"	0	0	0	0	0.5	0.5
"2993"	"BCG_CT_2015"	"fish02"	0	0	0	0	0	1
"2994"	"BCG_CT_2015"	"fish01"	0	0	0	0	0.83333333333333	0.16666667
"2995"	"BCG_CT_2015"	"fish01"	0	0	0	0	0	1
"2996"	"BCG_CT_2015"	"fish01"	0	1	0	0	0	0
"3025"	"BCG_CT_2015"	"fish02"	0	0	0.0222222222222199	0.97777778	0	0
"3027"	"BCG_CT_2015"	"fish02"	0	0	0	0	1	0
"304"	"BCG_CT_2015"	"fish03"	0	0	1	0	0	0
"3043"	"BCG_CT_2015"	"fish01"	1	0	0	0	0	0
"3044"	"BCG_CT_2015"	"fish01"	0	0.5	0.5	0	0	0
"3045"	"BCG_CT_2015"	"fish01"	0	0.5	0.5	0	0	0
"3047"	"BCG_CT_2015"	"fish01"	0	0	0.916666666666667	0	0.08333333	0
"3048"	"BCG_CT_2015"	"fish02"	0	1	0	0	0	0
"3049"	"BCG_CT_2015"	"fish02"	0	0	0	0	1	0
"3062"	"BCG_CT_2015"	"fish03"	0	0	0	0.0882352941176503	0.91176471	0
"3063"	"BCG_CT_2015"	"fish03"	0	0	0	1	0	0
"3064"	"BCG_CT_2015"	"fish03"	0	0	0	1	0	0
"3065"	"BCG_CT_2015"	"fish03"	0	0	0	1	0	0
"3066"	"BCG_CT_2015"	"fish03"	0	0	0	1	0	0
"3067"	"BCG_CT_2015"	"fish03"	0	0	1	0	0	0
"3068"	"BCG_CT_2015"	"fish02"	0	0	0.0333333333333334	0.78571428571429	0.18095238	0
"3069"	"BCG_CT_2015"	"fish02"	0	0	0.916666666666667	0.08333333	0	0
"3070"	"BCG_CT_2015"	"fish02"	0	0	0	0	0.446236559139785	0.55376344
"3071"	"BCG_CT_2015"	"fish02"	0	0	1	0	0	0
"3072"	"BCG_CT_2015"	"fish01"	0	0	0.211538461538462	0.78846154	0	0
"3120"	"BCG_CT_2015"	"fish02"	0	0	1	0	0	0
"3121"	"BCG_CT_2015"	"fish01"	0	0	0	0	1	0
"3122"	"BCG_CT_2015"	"fish02"	0	0	1	0	0	0
"3192"	"BCG_CT_2015"	"fish03"	0	0	0	1	0	0
"3193"	"BCG_CT_2015"	"fish02"	0	0	1	0	0	0
"3194"	"BCG_CT_2015"	"fish03"	0	0	0.0222222222222199	0.97777778	0	0
"3195"	"BCG_CT_2015"	"fish03"	0	0	0	1	0	0
"327"	"BCG_CT_2015"	"fish03"	0	0	0	1	0	0
"3669"	"BCG_CT_2015"	"fish01"	0	0	0	1	0	0
"3678"	"BCG_CT_2015"	"fish01"	0	0	1	0	0	0
"3679"	"BCG_CT_2015"	"fish01"	0	0	0	1	0	0
"3680"	"BCG_CT_2015"	"fish02"	0	0	0	1	0	0
"3681"	"BCG_CT_2015"	"fish01"	1	0	0	0	0	0
"3682"	"BCG_CT_2015"	"fish03"	0	0	0	0	1	0
"3684"	"BCG_CT_2015"	"fish01"	0	0	0	1	0	0
"3687"	"BCG_CT_2015"	"fish03"	0	0.72222222222222	0.27777778	0	0	0
"3688"	"BCG_CT_2015"	"fish03"	0	0	0	1	0	0
"3689"	"BCG_CT_2015"	"fish01"	0	0	0	0	1	0
"3692"	"BCG_CT_2015"	"fish02"	0	0	1	0	0	0
"3693"	"BCG_CT_2015"	"fish02"	0	0	1	0	0	0
"3694"	"BCG_CT_2015"	"fish01"	0	0.75	0.25	0	0	0
"3695"	"BCG_CT_2015"	"fish01"	0	0.75	0.25	0	0	0
"3696"	"BCG_CT_2015"	"fish01"	0	0	1	0	0	0
"3710"	"BCG_CT_2015"	"fish01"	0	0	0.5	0.5	0	0
"3726"	"BCG_CT_2015"	"fish01"	0	0	0	0	1	0
"3727"	"BCG_CT_2015"	"fish01"	1	0	0	0	0	0
"3728"	"BCG_CT_2015"	"fish01"	0	0.75	0.25	0	0	0
"3748"	"BCG_CT_2015"	"fish01"	0	0	0	0	1	0
"3749"	"BCG_CT_2015"	"fish02"	0	0	1	0	0	0
"3750"	"BCG_CT_2015"	"fish03"	0	0	0	0	1	0
"3751"	"BCG_CT_2015"	"fish03"	0	0	0	0	1	0
"3752"	"BCG_CT_2015"	"fish03"	0	0	0	1	0	0
"3757"	"BCG_CT_2015"	"fish03"	0	0	0	0.0719557195572005	0.92804428	0
"3758"	"BCG_CT_2015"	"fish03"	0	0	0	1	0	0
"3759"	"BCG_CT_2015"	"fish03"	0	0	0	0	1	0
"3760"	"BCG_CT_2015"	"fish03"	0	0.57366984993179	0.42633015	0	0	0
"3766"	"BCG_CT_2015"	"fish01"	0	0	0	0	1	0
"3767"	"BCG_CT_2015"	"fish01"	0	0	0	0	1	0
"3768"	"BCG_CT_2015"	"fish01"	0	0	0	1	0	0
"3769"	"BCG_CT_2015"	"fish01"	0.274193548387101	0.72580645	0	0	0	0
"3789"	"BCG_CT_2015"	"fish01"	1	0	0	0	0	0
"4020"	"BCG_CT_2015"	"fish02"	0	0	0	1	0	0
"4041"	"BCG_CT_2015"	"fish03"	0	0	0	0.42941176470588	0.57058824	0
"4042"	"BCG_CT_2015"	"fish03"	0	0	0	0	1	0
"4212"	"BCG_CT_2015"	"fish02"	0	0	0	1	0	0
"4213"	"BCG_CT_2015"	"fish02"	0	0	1	0	0	0
"4214"	"BCG_CT_2015"	"fish02"	0	0	0.16782729805014	0.8321727	0	0
"4215"	"BCG_CT_2015"	"fish02"	0	0	0.0222222222222199	0.97777778	0	0
"4216"	"BCG_CT_2015"	"fish02"	0	0.76890756302521	0.23109244	0	0	0
"4222"	"BCG_CT_2015"	"fish03"	0	0	0	1	0	0
"4223"	"BCG_CT_2015"	"fish02"	0	0	0	0	1	0
"4224"	"BCG_CT_2015"	"fish02"	0	0	0	1	0	0
"4225"	"BCG_CT_2015"	"fish03"	0	0	0	0.33333333333333	0.66666667	0
"4226"	"BCG_CT_2015"	"fish03"	0	0	1	0	0	0
"4227"	"BCG_CT_2015"	"fish02"	0	0	1	0	0	0
"4228"	"BCG_CT_2015"	"fish03"	0	0	0	1	0	0
"4229"	"BCG_CT_2015"	"fish02"	0	0	0	1	0	0
"4230"	"BCG_CT_2015"	"fish02"	0	0.12700964630225	0.87299035	0	0	0
"4231"	"BCG_CT_2015"	"fish03"	0	0	1	0	0	0
"4232"	"BCG_CT_2015"	"fish02"	0	0	0	0.52150537634409	0.47849462	0
"4233"	"BCG_CT_2015"	"fish03"	0	0	0.75	0.25	0	0
"4234"	"BCG_CT_2015"	"fish02"	0	0	0	1	0	0
"4235"	"BCG_CT_2015"	"fish02"	0	0	0	1	0	0
"4236"	"BCG_CT_2015"	"fish01"	0	0	0	1	0	0
"4237"	"BCG_CT_2015"	"fish01"	0	0.24725274725275	0.75274725	0	0	0
"4238"	"BCG_CT_2015"	"fish01"	0	0	0	0	1	0
"4239"	"BCG_CT_2015"	"fish02"	0	0	0	1	0	0
"4240"	"BCG_CT_2015"	"fish02"	0	0	0	1	0	0
"4241"	"BCG_CT_2015"	"fish02"	0	0	0.630568356374809	0.36943164	0	0
"4243"	"BCG_CT_2015"	"fish03"	0	0.75	0.25	0	0	0
"4244"	"BCG_CT_2015"	"fish03"	0	0	0	1	0	0
"4245"	"BCG_CT_2015"	"fish02"	0	0	0	1	0	0
"4246"	"BCG_CT_2015"	"fish03"	0	0	0	1	0	0
"4247"	"BCG_CT_2015"	"fish02"	0	0	0	1	0	0
"4248"	"BCG_CT_2015"	"fish02"	0	0	0.666666666666667	0.33333333	0	0
"4249"	"BCG_CT_2015"	"fish02"	0	0.77272727272727	0.22727273	0	0	0
"4251"	"BCG_CT_2015"	"fish02"	0	0.62406015037594	0.37593985	0	0	0
"4252"	"BCG_CT_2015"	"fish02"	0	0	0	0	1	0
"4253"	"BCG_CT_2015"	"fish02"	0	0	0	1	0	0
"4254"	"BCG_CT_2015"	"fish03"	0	0.27652733118971	0.72347267	0	0	0
"4255"	"BCG_CT_2015"	"fish03"	0	0.25	0.25	0.5	0	0
"4256"	"BCG_CT_2015"	"fish03"	0	0	0.390710382513667	0.60928962	0	0
"4257"	"BCG_CT_2015"	"fish03"	0	0	1	0	0	0
"4258"	"BCG_CT_2015"	"fish03"	0	0	0	1	0	0
"4259"	"BCG_CT_2015"	"fish02"	0	0	0	1	0	0
"4260"	"BCG_CT_2015"	"fish02"	0	0	0	1	0	0
"4261"	"BCG_CT_2015"	"fish02"	0	0	0.65714285714286	0.34285714	0	0
"4262"	"BCG_CT_2015"	"fish03"	0	0	0	1	0	0
"4263"	"BCG_CT_2015"	"fish03"	0	0	1	0	0	0
"4264"	"BCG_CT_2015"	"fish02"	0	0	0	1	0	0
"4305"	"BCG_CT_2015"	"fish03"	0	0	0	1	0	0
"4306"	"BCG_CT_2015"	"fish02"	0	0	0.583333333333333	0.41666667	0	0
"4307"	"BCG_CT_2015"	"fish02"	0	0	1	0	0	0
"4428"	"BCG_CT_2015"	"fish01"	0	0.026315789473685	0.97368421	0	0	0
"4429"	"BCG_CT_2015"	"fish01"	0	0	0.5	0.5	0	0
"4430"	"BCG_CT_2015"	"fish01"	0	0.577235772357723	0.42276423	0	0	0
"4432"	"BCG_CT_2015"	"fish02"	0	0	1	0	0	0
"4433"	"BCG_CT_2015"	"fish01"	0	0	1	0	0	0
"4435"	"BCG_CT_2015"	"fish02"	0	0	0	1	0	0
"4436"	"BCG_CT_2015"	"fish02"	0	0	0	1	0	0
"4458"	"BCG_CT_2015"	"fish01"	0	0	0	0	1	0
"4459"	"BCG_CT_2015"	"fish01"	0	0	0	1	0	0
"4468"	"BCG_CT_2015"	"fish01"	0	0	1	0	0	0
"4469"	"BCG_CT_2015"	"fish02"	0	0	0	0	1	0
"4470"	"BCG_CT_2015"	"fish03"	0	0	1	0	0	0
"4471"	"BCG_CT_2015"	"fish01"	0	1	0	0	0	0
"4472"	"BCG_CT_2015"	"fish03"	0	0.255583126550867	0.74441687	0	0	0
"4473"	"BCG_CT_2015"	"fish03"	0	0	0	1	0	0
"4474"	"BCG_CT_2015"	"fish03"	0	0.061433447098975	0.93856655	0	0	0
"4488"	"BCG_CT_2015"	"fish03"	0	0	1	0	0	0
"4491"	"BCG_CT_2015"	"fish03"	0	0	0	0	1	0
"4492"	"BCG_CT_2015"	"fish03"	0	0	0	0	1	0
"4493"	"BCG_CT_2015"	"fish03"	0	0	0	0	1	0
"4512"	"BCG_CT_2015"	"fish01"	0	0	0	0	1	0
"4513"	"BCG_CT_2015"	"fish01"	0	0.5	0.5	0	0	0
"4514"	"BCG_CT_2015"	"fish01"	0	1	0	0	0	0
"4515"	"BCG_CT_2015"	"fish01"	0	1	0	0	0	0
"4516"	"BCG_CT_2015"	"fish03"	0	0	0	1	0	0
"4517"	"BCG_CT_2015"	"fish01"	0	0	0	0	1	0
"4519"	"BCG_CT_2015"	"fish01"	0	1	0	0	0	0
"4520"	"BCG_CT_2015"	"fish01"	0	0	0.75	0.25	0	0
"4535"	"BCG_CT_2015"	"fish01"	0	0	0	1	0	0
"4536"	"BCG_CT_2015"	"fish01"	0	0	0.25	0.75	0	0
"4537"	"BCG_CT_2015"	"fish03"	0	0	0	0	1	0
"4538"	"BCG_CT_2015"	"fish03"	0	0	0.0972222222222225	0.90277778	0	0
"4539"	"BCG_CT_2015"	"fish02"	0	0	0	1	0	0
"4545"	"BCG_CT_2015"	"fish02"	0	0	0	0	1	0
"4546"	"BCG_CT_2015"	"fish02"	0	0	0.00421940928269993	0.99578059	0	0
"4552"	"BCG_CT_2015"	"fish02"	0	0.0157480314960625	0.98425197	0	0	0
"4743"	"BCG_CT_2015"	"fish03"	0	0	0	0	1	0
"5249"	"BCG_CT_2015"	"fish01"	0.632352941176471	0.36764706	0	0	0	0
"5250"	"BCG_CT_2015"	"fish01"	0	0	1	0	0	0
"5251"	"BCG_CT_2015"	"fish02"	0	0.666666666666667	0.33333333	0	0	0
"5252"	"BCG_CT_2015"	"fish01"	0	0.55755395683453	0.44244604	0	0	0
"5253"	"BCG_CT_2015"	"fish03"	0	0	0	1	0	0
"5254"	"BCG_CT_2015"	"fish01"	0	1	0	0	0	0
"5255"	"BCG_CT_2015"	"fish01"	0	0	0.25	0.75	0	0
"5256"	"BCG_CT_2015"	"fish03"	0	0	1	0	0	0
"5257"	"BCG_CT_2015"	"fish03"	0	0.75	0.25	0	0	0
"5258"	"BCG_CT_2015"	"fish01"	0	0.75	0.25	0	0	0
"5259"	"BCG_CT_2015"	"fish02"	0	0.50985221674877	0.49014778	0	0	0
"5308"	"BCG_CT_2015"	"fish03"	0	0	0	1	0	0
"5309"	"BCG_CT_2015"	"fish02"	0	1	0	0	0	0
"5310"	"BCG_CT_2015"	"fish02"	0	0	1	0	0	0
"5311"	"BCG_CT_2015"	"fish03"	0	0	0.5	0.5	0	0
"5312"	"BCG_CT_2015"	"fish01"	0	0.21889400921659	0.75	0.03110599	0	0
"5320"	"BCG_CT_2015"	"fish02"	0	0	0	1	0	0
"5321"	"BCG_CT_2015"	"fish03"	0	0	0.777777777777778	0.22222222	0	0
"5322"	"BCG_CT_2015"	"fish03"	0	0	0	1	0	0
"5323"	"BCG_CT_2015"	"fish03"	0	0	0.75	0.25	0	0
"5324"	"BCG_CT_2015"	"fish01"	0	1	0	0	0	0
"5325"	"BCG_CT_2015"	"fish01"	0	0.5	0.5	0	0	0
"5368"	"BCG_CT_2015"	"fish01"	0	1	0	0	0	0
"5369"	"BCG_CT_2015"	"fish01"	0	0	0.5	0.333333333333333	0.16666667	0
"5370"	"BCG_CT_2015"	"fish01"	1	0	0	0	0	0
"5371"	"BCG_CT_2015"	"fish01"	0	0	0	0	0	1
"5373"	"BCG_CT_2015"	"fish01"	1	0	0	0	0	0
"5387"	"BCG_CT_2015"	"fish03"	0	0.5	0.5	0	0	0
"5392"	"BCG_CT_2015"	"fish03"	0	0	0.0922746781115833	0.90772532	0	0
"5411"	"BCG_CT_2015"	"fish03"	0	0.401709401709403	0.5982906	0	0	0
"5433"	"BCG_CT_2015"	"fish03"	0	0	0	1	0	0
"5434"	"BCG_CT_2015"	"fish03"	0	0	0.25	0.75	0	0
"5435"	"BCG_CT_2015"	"fish02"	0	0.074074074074075	0.92592593	0	0	0
"5436"	"BCG_CT_2015"	"fish03"	0	0.25	0.25	0.5	0	0
"5510"	"BCG_CT_2015"	"fish02"	0	0	1	0	0	0
"5548"	"BCG_CT_2015"	"fish03"	0	0.27464788732394	0.72535211	0	0	0
"5612"	"BCG_CT_2015"	"fish02"	0	0.0620723362658797	0.93792766	0	0	0
"5759"	"BCG_CT_2015"	"fish02"	0	0	0	1	0	0
"5775"	"BCG_CT_2015"	"fish03"	0	0	0.25	0.75	0	0
"5801"	"BCG_CT_2015"	"fish01"	0	1	0	0	0	0
"5802"	"BCG_CT_2015"	"fish02"	0	0	1	0	0	0
"5803"	"BCG_CT_2015"	"fish02"	0	0	0.72323600973236	0.27676399	0	0
"5804"	"BCG_CT_2015"	"fish03"	0	0	1	0	0	0
"5930"	"BCG_CT_2015"	"fish02"	0	0	1	0	0	0
"6441"	"BCG_CT_2015"	"fish03"	0	1	0	0	0	0
"6442"	"BCG_CT_2015"	"fish02"	0	0	1	0	0	0
"6443"	"BCG_CT_2015"	"fish02"	0	0	1	0	0	0
"6444"	"BCG_CT_2015"	"fish01"	0	0	1	0	0	0
"6477"	"BCG_CT_2015"	"fish03"	0	0	1	0	0	0
"6478"	"BCG_CT_2015"	"fish02"	0	0.90458015267176	0.09541985	0	0	0
"6479"	"BCG_CT_2015"	"fish01"	0	0	1	0	0	0
"6480"	"BCG_CT_2015"	"fish01"	0	0	0.25	0.75	0	0
"6481"	"BCG_CT_2015"	"fish02"	0	0	0.53125	0.46875	0	0
"6482"	"BCG_CT_2015"	"fish02"	0	0	1	0	0	0
"6483"	"BCG_CT_2015"	"fish03"	0	0.00898203592814006	0.99101796	0	0	0
"6520"	"BCG_CT_2015"	"fish02"	0	0	0.488916256157635	0.51108374	0	0
"6521"	"BCG_CT_2015"	"fish02"	0	0	0	1	0	0
"6522"	"BCG_CT_2015"	"fish02"	0	0	0.045454545454545	0.95454545	0	0
"6529"	"BCG_CT_2015"	"fish03"	0	0	0.520576131687243	0.47942387	0	0
"6530"	"BCG_CT_2015"	"fish03"	0	0	1	0	0	0
"6531"	"BCG_CT_2015"	"fish02"	0	0.68181818181818	0.31818182	0	0	0
"6532"	"BCG_CT_2015"	"fish03"	0	0.16666666666667	0.83333333	0	0	0
"6533"	"BCG_CT_2015"	"fish02"	0	0	1	0	0	0
"6534"	"BCG_CT_2015"	"fish02"	0	0	1	0	0	0
"6537"	"BCG_CT_2015"	"fish03"	0	0.294354838709677	0.70564516	0	0	0
"6538"	"BCG_CT_2015"	"fish03"	0	0	0	1	0	0
"6539"	"BCG_CT_2015"	"fish03"	0	0	0.715355805243445	0.28464419	0	0
"6552"	"BCG_CT_2015"	"fish01"	0	0	0	0	1	0
"6555"	"BCG_CT_2015"	"fish01"	0	0	0	0	1	0
"6556"	"BCG_CT_2015"	"fish01"	0	0	0	0	1	0
"6557"	"BCG_CT_2015"	"fish01"	0	0	0	0	1	0
"6558"	"BCG_CT_2015"	"fish01"	0	0	0	0	0.685185185185183	0.31481481
"6559"	"BCG_CT_2015"	"fish01"	0	0	0	0	1	0
"6603"	"BCG_CT_2015"	"fish03"	0	0	0.986409155937053	0.01359084	0	0
"6604"	"BCG_CT_2015"	"fish02"	0	0	1	0	0	0
"6605"	"BCG_CT_2015"	"fish02"	0	0	1	0	0	0
"6606"	"BCG_CT_2015"	"fish03"	0	0	0.75	0.25	0	0
"6607"	"BCG_CT_2015"	"fish02"	0	0	0.209931170108162	0.79006883	0	0
"6608"	"BCG_CT_2015"	"fish02"	0	0.72222222222222	0.27777778	0	0	0
"6835"	"BCG_CT_2015"	"fish03"	0	0	0	1	0	0
"6836"	"BCG_CT_2015"	"fish03"	0	0	0	1	0	0
"6837"	"BCG_CT_2015"	"fish03"	0	0	0	1	0	0
"6838"	"BCG_CT_2015"	"fish03"	0	0	0	1	0	0
"6839"	"BCG_CT_2015"	"fish03"	0	0	0.3	0.7	0	0
"6840"	"BCG_CT_2015"	"fish03"	0	0	0	0.56617647058824	0.43382353	0
"7262"	"BCG_CT_2015"	"fish03"	0	0	0	1	0	0
"7263"	"BCG_CT_2015"	"fish02"	0	0.03447185325743	0.96552815	0	0	0
"7764"	"BCG_CT_2015"	"fish02"	0	0	0	0	1	0
"7765"	"BCG_CT_2015"	"fish02"	0	0	0	0	1	0
"7771"	"BCG_CT_2015"	"fish01"	0	0	0	0	1	0
"7772"	"BCG_CT_2015"	"fish01"	0	0	0	0	0	1
"7773"	"BCG_CT_2015"	"fish01"	1	0	0	0	0	0
"7774"	"BCG_CT_2015"	"fish01"	0	0.0769230769230775	0.92307692	0	0	0
"8172"	"BCG_CT_2015"	"fish02"	0	0	1	0	0	0
"8173"	"BCG_CT_2015"	"fish02"	0	0	0.65714285714286	0.34285714	0	0
"8174"	"BCG_CT_2015"	"fish03"	0	0	0	0	1	0
"8198"	"BCG_CT_2015"	"fish02"	0	0	1	0	0	0
"8199"	"BCG_CT_2015"	"fish01"	0	0	0	1	0	0
"8201"	"BCG_CT_2015"	"fish01"	0	0	0	1	0	0
"8253"	"BCG_CT_2015"	"fish03"	0	0	0	1	0	0
"8254"	"BCG_CT_2015"	"fish02"	0	0	0.221485411140583	0.77851459	0	0
"8255"	"BCG_CT_2015"	"fish02"	0	0	0.675925925925925	0.32407407	0	0
"8271"	"BCG_CT_2015"	"fish02"	0	0	0.34517304189435	0.65482696	0	0
"8272"	"BCG_CT_2015"	"fish02"	0	0	1	0	0	0
"8273"	"BCG_CT_2015"	"fish01"	0	0.5	0.5	0	0	0
"8274"	"BCG_CT_2015"	"fish01"	0	0	0	1	0	0
"8275"	"BCG_CT_2015"	"fish01"	0	0	0	1	0	0
"8276"	"BCG_CT_2015"	"fish02"	0	1	0	0	0	0
"8321"	"BCG_CT_2015"	"fish03"	0	0	0.25	0.75	0	0
"8322"	"BCG_CT_2015"	"fish03"	0	0	0	1	0	0
"8323"	"BCG_CT_2015"	"fish02"	0	0	0.57936507936508	0.42063492	0	0
"8324"	"BCG_CT_2015"	"fish02"	0	0	0.3	0.7	0	0
"8349"	"BCG_CT_2015"	"fish03"	0	0	0.442528735632183	0.55747126	0	0
"8350"	"BCG_CT_2015"	"fish03"	0	0.29878048780488	0.70121951	0	0	0
"8351"	"BCG_CT_2015"	"fish02"	0	0	1	0	0	0
"8362"	"BCG_CT_2015"	"fish03"	0	0	0	1	0	0
"8363"	"BCG_CT_2015"	"fish02"	0	0	0.14019851116625	0.85980149	0	0
"8364"	"BCG_CT_2015"	"fish03"	0	0	0.75	0.25	0	0
"8365"	"BCG_CT_2015"	"fish03"	0	0.155405405405405	0	0.0810810810810798	0.76351351	0
"8495"	"BCG_CT_2015"	"fish02"	0	0	0.3	0.7	0	0
"8498"	"BCG_CT_2015"	"fish03"	0	0	0	0	1	0
"8499"	"BCG_CT_2015"	"fish02"	0	0	0	1	0	0
"8500"	"BCG_CT_2015"	"fish02"	0	0	0	1	0	0
"8510"	"BCG_CT_2015"	"fish02"	0	0	0	0	1	0
"8511"	"BCG_CT_2015"	"fish02"	0	0	0.42063492063492	0.57936508	0	0
"8512"	"BCG_CT_2015"	"fish02"	0	0	0.911020776874433	0.08897922	0	0
"8513"	"BCG_CT_2015"	"fish02"	0	0	1	0	0	0
"8561"	"BCG_CT_2015"	"fish01"	0	0.88345864661654	0.11654135	0	0	0
"8562"	"BCG_CT_2015"	"fish03"	0	0	0	1	0	0
"8563"	"BCG_CT_2015"	"fish02"	0	0	0	1	0	0
"8564"	"BCG_CT_2015"	"fish02"	0	0	1	0	0	0
"8593"	"BCG_CT_2015"	"fish01"	0	0	0	0	1	0
"8594"	"BCG_CT_2015"	"fish02"	0	0	1	0	0	0
"8595"	"BCG_CT_2015"	"fish01"	1	0	0	0	0	0
"8606"	"BCG_CT_2015"	"fish02"	0	0	1	0	0	0
"8607"	"BCG_CT_2015"	"fish01"	0	0	0	1	0	0
"8608"	"BCG_CT_2015"	"fish01"	0	0.5952380952381	0.4047619	0	0	0
"8609"	"BCG_CT_2015"	"fish03"	0	0	0	0	1	0
"8610"	"BCG_CT_2015"	"fish03"	0	0	0	0	1	0
"8644"	"BCG_CT_2015"	"fish03"	0	0	1	0	0	0
"8645"	"BCG_CT_2015"	"fish02"	0	0	1	0	0	0
"8646"	"BCG_CT_2015"	"fish02"	0	0	1	0	0	0
"8647"	"BCG_CT_2015"	"fish01"	0	0	0.75	0.25	0	0
"8648"	"BCG_CT_2015"	"fish01"	0	0	0	0	1	0
"8674"	"BCG_CT_2015"	"fish02"	0	0	0	1	0	0
"8675"	"BCG_CT_2015"	"fish02"	0	0	0	1	0	0
"8676"	"BCG_CT_2015"	"fish02"	0	0	0	1	0	0
"8677"	"BCG_CT_2015"	"fish01"	0	0	0	0	1	0
"8678"	"BCG_CT_2015"	"fish01"	0	0	0.960526315789473	0.03947368	0	0
"8679"	"BCG_CT_2015"	"fish02"	0	0.25581395348837	0.74418605	0	0	0
"8680"	"BCG_CT_2015"	"fish01"	0	0	0.832278481012658	0.16772152	0	0
"8681"	"BCG_CT_2015"	"fish01"	0	0	0	0	1	0
"8682"	"BCG_CT_2015"	"fish01"	0	0	0.75	0.25	0	0
"8692"	"BCG_CT_2015"	"fish02"	0	0	0.935139573070608	0.06486043	0	0
"8693"	"BCG_CT_2015"	"fish01"	0	0.5	0.5	0	0	0
"8694"	"BCG_CT_2015"	"fish02"	0	0	1	0	0	0
"8744"	"BCG_CT_2015"	"fish01"	0	0	1	0	0	0
"8750"	"BCG_CT_2015"	"fish01"	0	0	1	0	0	0
"8756"	"BCG_CT_2015"	"fish01"	0	0.5	0.5	0	0	0
"8757"	"BCG_CT_2015"	"fish02"	0	0	0.314814814814817	0.68518519	0	0
"8782"	"BCG_CT_2015"	"fish02"	0	0	0.806122448979592	0.19387755	0	0
"8784"	"BCG_CT_2015"	"fish01"	0	0	0	0	1	0
"8785"	"BCG_CT_2015"	"fish01"	0	0	0	0	0.83333333333333	0.16666667
"8787"	"BCG_CT_2015"	"fish01"	0	0	0	0.666666666666667	0.33333333	0
"8788"	"BCG_CT_2015"	"fish03"	0	0	0.75	0.25	0	0
"8789"	"BCG_CT_2015"	"fish02"	0	0	0	1	0	0
"8790"	"BCG_CT_2015"	"fish01"	0	0	0.25	0.75	0	0
"8815"	"BCG_CT_2015"	"fish01"	0	0	0	0.77777777777778	0.22222222	0
"8816"	"BCG_CT_2015"	"fish02"	0	0	0	1	0	0
"8817"	"BCG_CT_2015"	"fish01"	0	0	1	0	0	0
"8917"	"BCG_CT_2015"	"fish01"	0	0	0	0	1	0
"8919"	"BCG_CT_2015"	"fish01"	0	1	0	0	0	0
"8929"	"BCG_CT_2015"	"fish03"	0	0.0183246073298425	0.98167539	0	0	0
"9627"	"BCG_CT_2015"	"fish02"	0	0	0.767175572519083	0.23282443	0	0
"9628"	"BCG_CT_2015"	"fish02"	0	0	0	1	0	0
"9629"	"BCG_CT_2015"	"fish02"	0	0	0	1	0	0
"9689"	"BCG_CT_2015"	"fish01"	0	0	0	1	0	0
"9754"	"BCG_CT_2015"	"fish03"	0	0	0	0.8768115942029	0.12318841	0
"9994"	"BCG_CT_2015"	"fish02"	0	0	1	0	0	0
"9995"	"BCG_CT_2015"	"fish03"	0	0.43908629441624	0.56091371	0	0	0
"9996"	"BCG_CT_2015"	"fish03"	0	0	0.5	0.5	0	0
"9998"	"BCG_CT_2015"	"fish02"	0	0	0	1	0	0
"9999"	"BCG_CT_2015"	"fish02"	0	0	0	1	0	0
