"INDEX_NAME"	"INDEX_CLASS"	"SAMPLEID"	"L1"	"L2"	"L3"	"L4"	"L5"	"L6"
"BCG_CT_2015"	"bug01"	"21-B-001_2021-09-29_1_First"	0	0	0	1	0	0
"BCG_CT_2015"	"bug01"	"21-B-004_2021-09-30_1_First"	0	0	0.761755485893417	0.23824451	0	0
"BCG_CT_2015"	"bug01"	"21-B-005_2021-09-30_1_First"	0	0	0	0.916376306620209	0.08362369	0
"BCG_CT_2015"	"bug01"	"21-B-006_2021-09-30_2_First"	0	0	0	1	0	0
"BCG_CT_2015"	"bug01"	"21-B-007_2021-09-30_1_First"	0	0	0.397683397683398	0.6023166	0	0
"BCG_CT_2015"	"bug01"	"21-B-007_2021-09-30_1_Second"	0	0	0	1	0	0
"BCG_CT_2015"	"bug01"	"21-B-008_2021-09-30_1_First"	0	0	0.0660377358490569	0.93396226	0	0
"BCG_CT_2015"	"bug01"	"21-B-009_2021-09-30_1_First"	0	0	0	1	0	0
"BCG_CT_2015"	"bug01"	"21-B-013_2021-10-04_1_First"	0	0	0	1	0	0
"BCG_CT_2015"	"bug01"	"21-B-014_2021-10-06_1_First"	0	1	0	0	0	0
"BCG_CT_2015"	"bug01"	"21-B-014_2021-10-06_1_Second"	0	0.5	0.5	0	0	0
"BCG_CT_2015"	"bug01"	"21-B-015_2021-10-06_1_First"	0	0.364864864864865	0.63513514	0	0	0
"BCG_CT_2015"	"bug01"	"21-B-016_2021-10-06_1_First"	0	0	1	0	0	0
"BCG_CT_2015"	"bug01"	"21-B-017_2021-10-06_1_First"	0	0	0	1	0	0
"BCG_CT_2015"	"bug01"	"21-B-018_2021-10-07_1_First"	0	0	0	0.992619926199262	0.00738007	0
"BCG_CT_2015"	"bug01"	"21-B-018_2021-10-07_1_Second"	0	0	0	0.685823754789272	0.31417625	0
"BCG_CT_2015"	"bug01"	"21-B-019_2021-10-07_1_First"	0	0	0	0.42156862745098	0.57843137	0
"BCG_CT_2015"	"bug01"	"21-B-020_2021-10-07_1_First"	0	0	1	0	0	0
"BCG_CT_2015"	"bug01"	"21-B-021_2021-10-07_2_First"	0	0	1	0	0	0
"BCG_CT_2015"	"bug01"	"21-B-023_2021-10-07_1_First"	0	0	1	0	0	0
"BCG_CT_2015"	"bug01"	"21-B-028_2021-10-12_1_First"	0	0.5	0.5	0	0	0
"BCG_CT_2015"	"bug01"	"21-B-029_2021-10-12_1_First"	0	0	0.446601941747573	0.55339806	0	0
"BCG_CT_2015"	"bug01"	"21-B-031_2021-10-12_1_First"	0	0	0	0.691542288557214	0.30845771	0
"BCG_CT_2015"	"bug01"	"21-B-032_2021-10-13_1_First"	0	0.0283018867924527	0.97169811	0	0	0
"BCG_CT_2015"	"bug01"	"21-B-033_2021-10-13_2_First"	0	0.59433962264151	0.40566038	0	0	0
"BCG_CT_2015"	"bug01"	"21-B-034_2021-10-13_1_First"	0	0	0.515981735159817	0.48401826	0	0
"BCG_CT_2015"	"bug01"	"21-B-035_2021-10-13_1_First"	0	0.357142857142857	0.64285714	0	0	0
"BCG_CT_2015"	"bug01"	"21-B-036_2021-10-13_1_First"	0	0.236842105263158	0.76315789	0	0	0
"BCG_CT_2015"	"bug01"	"21-B-037_2021-10-14_1_First"	0	0.115384615384615	0.88461538	0	0	0
"BCG_CT_2015"	"bug01"	"22-B-001_2022-09-21_1_First"	0	0	0.0746268656716413	0.92537313	0	0
"BCG_CT_2015"	"bug01"	"22-B-002_2022-09-29_1_First"	0	0	0	1	0	0
"BCG_CT_2015"	"bug01"	"22-B-003_2022-09-29_1_First"	0	0	1	0	0	0
"BCG_CT_2015"	"bug01"	"22-B-004_2022-09-29_1_First"	0	0	1	0	0	0
"BCG_CT_2015"	"bug01"	"22-B-005_2022-09-30_1_First"	0	0.971698113207547	0.02830189	0	0	0
"BCG_CT_2015"	"bug01"	"22-B-006_2022-09-30_1_First"	0	0	0	0.5	0.5	0
"BCG_CT_2015"	"bug01"	"22-B-006_2022-09-30_1_Second"	0	0	0	1	0	0
"BCG_CT_2015"	"bug01"	"22-B-007_2022-09-30_1_First"	0	0.261904761904762	0.73809524	0	0	0
"BCG_CT_2015"	"bug01"	"22-B-008_2022-10-06_1_First"	0	0.151162790697674	0.84883721	0	0	0
"BCG_CT_2015"	"bug01"	"22-B-009_2022-10-06_1_First"	0	0	1	0	0	0
"BCG_CT_2015"	"bug01"	"22-B-009_2022-10-06_1_Second"	0	0.272727272727272	0.72727273	0	0	0
"BCG_CT_2015"	"bug01"	"22-B-010_2022-10-06_1_First"	0	0.5	0.5	0	0	0
"BCG_CT_2015"	"bug01"	"22-B-011_2022-10-07_1_First"	0	0	0	0.0900473933649288	0.90995261	0
"BCG_CT_2015"	"bug01"	"22-B-012_2022-10-07_1_First"	0	0	0	0.214953271028037	0.78504673	0
"BCG_CT_2015"	"bug01"	"22-B-013_2022-10-07_1_First"	0	0	0.732718894009216	0.26728111	0	0
"BCG_CT_2015"	"bug01"	"22-B-014_2022-10-11_1_First"	0	0	0	0	1	0
"BCG_CT_2015"	"bug01"	"22-B-015_2022-10-11_1_First"	0	0	0	0	1	0
"BCG_CT_2015"	"bug01"	"22-B-016_2022-10-11_1_First"	0	0	0	1	0	0
"BCG_CT_2015"	"bug01"	"22-B-017_2022-10-11_2_First"	0	0	0.051643192488263	0.94835681	0	0
"BCG_CT_2015"	"bug01"	"22-B-018_2022-10-12_1_First"	0	0	1	0	0	0
"BCG_CT_2015"	"bug01"	"22-B-019_2022-10-12_1_First"	0	0	0	1	0	0
"BCG_CT_2015"	"bug01"	"22-B-020_2022-10-12_1_First"	0	0.5	0.5	0	0	0
"BCG_CT_2015"	"bug01"	"22-B-021_2022-10-13_1_First"	0	0	0	0	1	0
"BCG_CT_2015"	"bug01"	"22-B-022_2022-10-13_1_Second"	0	0	0	0	1	0
"BCG_CT_2015"	"bug01"	"22-B-022_2022-10-13_2_First"	0	0	0	0.515151515151515	0.48484848	0
"BCG_CT_2015"	"bug01"	"22-B-023_2022-10-13_1_First"	0	0	0	0	1	0
"BCG_CT_2015"	"bug01"	"22-B-024_2022-10-13_2_First"	0	0	0	0	1	0
"BCG_CT_2015"	"bug01"	"22-B-025_2022-10-13_1_First"	0	1	0	0	0	0
"BCG_CT_2015"	"bug01"	"22-B-026_2022-10-13_1_First"	0	0	1	0	0	0
"BCG_CT_2015"	"bug01"	"22-B-027_2022-10-13_1_First"	0	0.17741935483871	0.82258065	0	0	0
"BCG_CT_2015"	"bug01"	"22-B-028_2022-10-14_1_First"	0	0.0238095238095237	0.97619048	0	0	0
"BCG_CT_2015"	"bug01"	"22-B-028_2022-10-14_1_Second"	0	0.134146341463415	0.86585366	0	0	0
"BCG_CT_2015"	"bug01"	"22-B-029_2022-10-14_2_First"	0	0.0833333333333339	0.91666667	0	0	0
"BCG_CT_2015"	"bug01"	"22-B-030_2022-10-14_1_First"	0	1	0	0	0	0
"BCG_CT_2015"	"bug01"	"22-B-031_2022-10-14_1_First"	0	0	1	0	0	0
"BCG_CT_2015"	"bug01"	"22-B-032_2022-10-14_1_First"	0	0	0.113207547169811	0.88679245	0	0
"BCG_CT_2015"	"bug01"	"22-B-033_2022-10-14_1_First"	0	0.616279069767442	0.38372093	0	0	0
"BCG_CT_2015"	"bug01"	"22-B-034_2022-10-17_1_First"	0	0	1	0	0	0
"BCG_CT_2015"	"bug01"	"22-B-035_2022-10-17_2_First"	0	0	1	0	0	0
"BCG_CT_2015"	"bug01"	"22-B-036_2022-10-17_1_First"	0	0	1	0	0	0
"BCG_CT_2015"	"bug01"	"22-B-037_2022-10-17_1_First"	0	0.0714285714285712	0.92857143	0	0	0
"BCG_CT_2015"	"bug01"	"22-B-037_2022-10-17_1_Second"	0	0.5	0.5	0	0	0
"BCG_CT_2015"	"bug01"	"22-B-038_2022-10-17_1_First"	0	1	0	0	0	0
"BCG_CT_2015"	"bug01"	"22-B-039_2022-10-18_1_First"	0	1	0	0	0	0
"BCG_CT_2015"	"bug01"	"22-B-040_2022-10-18_1_First"	0	0	1	0	0	0
"BCG_CT_2015"	"bug01"	"22-B-041_2022-10-18_1_First"	0	0	1	0	0	0
"BCG_CT_2015"	"bug01"	"22-B-042_2022-10-19_1_First"	0	0	1	0	0	0
"BCG_CT_2015"	"bug01"	"22-B-043_2022-10-19_1_First"	0	0	0	0.101694915254237	0.89830508	0
"BCG_CT_2015"	"bug01"	"22-B-044_2022-10-19_1_First"	0	0	0	0	1	0
"BCG_CT_2015"	"bug01"	"22-B-045_2022-10-19_1_First"	0	0	0.625	0.375	0	0
"BCG_CT_2015"	"bug01"	"22-B-046_2022-10-19_1_First"	0	0	1	0	0	0
"BCG_CT_2015"	"bug01"	"22-B-047_2022-10-21_1_First"	0	0	1	0	0	0
