"SampleID"	"INDEX_NAME"	"INDEX_CLASS"	"L1"	"L2"	"L3"	"L4"	"L5"	"L6"	"Membership_Total"	"Membership_Total_QC"	"Primary_BCG_Level"	"Primary_Membership"	"Secondary_BCG_Level"	"Secondary_Membership"	"Membership_Diff"	"Membership_Close"	"Continuous_BCG_Level"	"BCG_Status"	"BCG_Status2"
"21-B-001_2021-09-29_1_First"	"BCG_CT_2015"	"bug01"	0	0	0	1	0	0	1	"PASS"	4	1	NA	0	1	NA	4	"4"	"4"
"21-B-004_2021-09-30_1_First"	"BCG_CT_2015"	"bug01"	0	0	0.761755485893417	0.23824451	0	0	1	"PASS"	3	0.761755485893417	4	0.23824451	0.523510975893417	NA	3.23824449768025	"3"	"3-"
"21-B-005_2021-09-30_1_First"	"BCG_CT_2015"	"bug01"	0	0	0	0.916376306620209	0.08362369	0	1	"PASS"	4	0.916376306620209	5	0.08362369	0.832752616620209	NA	4.08362367648084	"4"	"4"
"21-B-006_2021-09-30_2_First"	"BCG_CT_2015"	"bug01"	0	0	0	1	0	0	1	"PASS"	4	1	NA	0	1	NA	4	"4"	"4"
"21-B-007_2021-09-30_1_First"	"BCG_CT_2015"	"bug01"	0	0	0.397683397683398	0.6023166	0	0	1	"PASS"	4	0.6023166	3	0.397683397683398	0.204633202316602	NA	3.60231659305019	"4"	"4+"
"21-B-007_2021-09-30_1_Second"	"BCG_CT_2015"	"bug01"	0	0	0	1	0	0	1	"PASS"	4	1	NA	0	1	NA	4	"4"	"4"
"21-B-008_2021-09-30_1_First"	"BCG_CT_2015"	"bug01"	0	0	0.0660377358490569	0.93396226	0	0	1	"PASS"	4	0.93396226	3	0.0660377358490569	0.867924524150943	NA	3.93396224754717	"4"	"4"
"21-B-009_2021-09-30_1_First"	"BCG_CT_2015"	"bug01"	0	0	0	1	0	0	1	"PASS"	4	1	NA	0	1	NA	4	"4"	"4"
"21-B-013_2021-10-04_1_First"	"BCG_CT_2015"	"bug01"	0	0	0	1	0	0	1	"PASS"	4	1	NA	0	1	NA	4	"4"	"4"
"21-B-014_2021-10-06_1_First"	"BCG_CT_2015"	"bug01"	0	1	0	0	0	0	1	"PASS"	2	1	NA	0	1	NA	2	"2"	"2"
"21-B-014_2021-10-06_1_Second"	"BCG_CT_2015"	"bug01"	0	0.5	0.5	0	0	0	1	"PASS"	2	0.5	3	0.5	0	"tie"	2.5	"2.5"	"2/3 tie"
"21-B-015_2021-10-06_1_First"	"BCG_CT_2015"	"bug01"	0	0.364864864864865	0.63513514	0	0	0	1	"PASS"	3	0.63513514	2	0.364864864864865	0.270270275135135	NA	2.63513514972973	"3"	"3+"
"21-B-016_2021-10-06_1_First"	"BCG_CT_2015"	"bug01"	0	0	1	0	0	0	1	"PASS"	3	1	NA	0	1	NA	3	"3"	"3"
"21-B-017_2021-10-06_1_First"	"BCG_CT_2015"	"bug01"	0	0	0	1	0	0	1	"PASS"	4	1	NA	0	1	NA	4	"4"	"4"
"21-B-018_2021-10-07_1_First"	"BCG_CT_2015"	"bug01"	0	0	0	0.992619926199262	0.00738007	0	1	"PASS"	4	0.992619926199262	5	0.00738007	0.985239856199262	NA	4.00738005479705	"4"	"4"
"21-B-018_2021-10-07_1_Second"	"BCG_CT_2015"	"bug01"	0	0	0	0.685823754789272	0.31417625	0	1	"PASS"	4	0.685823754789272	5	0.31417625	0.371647504789272	NA	4.31417626915709	"4"	"4-"
"21-B-019_2021-10-07_1_First"	"BCG_CT_2015"	"bug01"	0	0	0	0.42156862745098	0.57843137	0	1	"PASS"	5	0.57843137	4	0.42156862745098	0.15686274254902	"yes"	4.57843135980392	"5"	"5+"
"21-B-020_2021-10-07_1_First"	"BCG_CT_2015"	"bug01"	0	0	1	0	0	0	1	"PASS"	3	1	NA	0	1	NA	3	"3"	"3"
"21-B-021_2021-10-07_2_First"	"BCG_CT_2015"	"bug01"	0	0	1	0	0	0	1	"PASS"	3	1	NA	0	1	NA	3	"3"	"3"
"21-B-023_2021-10-07_1_First"	"BCG_CT_2015"	"bug01"	0	0	1	0	0	0	1	"PASS"	3	1	NA	0	1	NA	3	"3"	"3"
"21-B-028_2021-10-12_1_First"	"BCG_CT_2015"	"bug01"	0	0.5	0.5	0	0	0	1	"PASS"	2	0.5	3	0.5	0	"tie"	2.5	"2.5"	"2/3 tie"
"21-B-029_2021-10-12_1_First"	"BCG_CT_2015"	"bug01"	0	0	0.446601941747573	0.55339806	0	0	1	"PASS"	4	0.55339806	3	0.446601941747573	0.106796118252427	"yes"	3.55339806524272	"3.5"	"3/4 tie"
"21-B-031_2021-10-12_1_First"	"BCG_CT_2015"	"bug01"	0	0	0	0.691542288557214	0.30845771	0	1	"PASS"	4	0.691542288557214	5	0.30845771	0.383084578557214	NA	4.30845770422886	"4"	"4-"
"21-B-032_2021-10-13_1_First"	"BCG_CT_2015"	"bug01"	0	0.0283018867924527	0.97169811	0	0	0	1	"PASS"	3	0.97169811	2	0.0283018867924527	0.943396223207547	NA	2.97169810358491	"3"	"3"
"21-B-033_2021-10-13_2_First"	"BCG_CT_2015"	"bug01"	0	0.59433962264151	0.40566038	0	0	0	1	"PASS"	2	0.59433962264151	3	0.40566038	0.18867924264151	"yes"	2.40566038528302	"2"	"2-"
"21-B-034_2021-10-13_1_First"	"BCG_CT_2015"	"bug01"	0	0	0.515981735159817	0.48401826	0	0	1	"PASS"	3	0.515981735159817	4	0.48401826	0.0319634751598171	"tie"	3.48401824547945	"3.5"	"3/4 tie"
"21-B-035_2021-10-13_1_First"	"BCG_CT_2015"	"bug01"	0	0.357142857142857	0.64285714	0	0	0	1	"PASS"	3	0.64285714	2	0.357142857142857	0.285714282857143	NA	2.64285713428571	"3"	"3+"
"21-B-036_2021-10-13_1_First"	"BCG_CT_2015"	"bug01"	0	0.236842105263158	0.76315789	0	0	0	1	"PASS"	3	0.76315789	2	0.236842105263158	0.526315784736842	NA	2.76315788052632	"3"	"3+"
"21-B-037_2021-10-14_1_First"	"BCG_CT_2015"	"bug01"	0	0.115384615384615	0.88461538	0	0	0	1	"PASS"	3	0.88461538	2	0.115384615384615	0.769230764615385	NA	2.88461537076923	"3"	"3+"
"22-B-001_2022-09-21_1_First"	"BCG_CT_2015"	"bug01"	0	0	0.0746268656716413	0.92537313	0	0	1	"PASS"	4	0.92537313	3	0.0746268656716413	0.850746264328359	NA	3.92537311701492	"4"	"4"
"22-B-002_2022-09-29_1_First"	"BCG_CT_2015"	"bug01"	0	0	0	1	0	0	1	"PASS"	4	1	NA	0	1	NA	4	"4"	"4"
"22-B-003_2022-09-29_1_First"	"BCG_CT_2015"	"bug01"	0	0	1	0	0	0	1	"PASS"	3	1	NA	0	1	NA	3	"3"	"3"
"22-B-004_2022-09-29_1_First"	"BCG_CT_2015"	"bug01"	0	0	1	0	0	0	1	"PASS"	3	1	NA	0	1	NA	3	"3"	"3"
"22-B-005_2022-09-30_1_First"	"BCG_CT_2015"	"bug01"	0	0.971698113207547	0.02830189	0	0	0	1	"PASS"	2	0.971698113207547	3	0.02830189	0.943396223207547	NA	2.02830189641509	"2"	"2"
"22-B-006_2022-09-30_1_First"	"BCG_CT_2015"	"bug01"	0	0	0	0.5	0.5	0	1	"PASS"	4	0.5	5	0.5	0	"tie"	4.5	"4.5"	"4/5 tie"
"22-B-006_2022-09-30_1_Second"	"BCG_CT_2015"	"bug01"	0	0	0	1	0	0	1	"PASS"	4	1	NA	0	1	NA	4	"4"	"4"
"22-B-007_2022-09-30_1_First"	"BCG_CT_2015"	"bug01"	0	0.261904761904762	0.73809524	0	0	0	1	"PASS"	3	0.73809524	2	0.261904761904762	0.476190478095238	NA	2.73809524380952	"3"	"3+"
"22-B-008_2022-10-06_1_First"	"BCG_CT_2015"	"bug01"	0	0.151162790697674	0.84883721	0	0	0	1	"PASS"	3	0.84883721	2	0.151162790697674	0.697674419302326	NA	2.84883721139535	"3"	"3+"
"22-B-009_2022-10-06_1_First"	"BCG_CT_2015"	"bug01"	0	0	1	0	0	0	1	"PASS"	3	1	NA	0	1	NA	3	"3"	"3"
"22-B-009_2022-10-06_1_Second"	"BCG_CT_2015"	"bug01"	0	0.272727272727272	0.72727273	0	0	0	1	"PASS"	3	0.72727273	2	0.272727272727272	0.454545457272728	NA	2.72727273545454	"3"	"3+"
"22-B-010_2022-10-06_1_First"	"BCG_CT_2015"	"bug01"	0	0.5	0.5	0	0	0	1	"PASS"	2	0.5	3	0.5	0	"tie"	2.5	"2.5"	"2/3 tie"
"22-B-011_2022-10-07_1_First"	"BCG_CT_2015"	"bug01"	0	0	0	0.0900473933649288	0.90995261	0	1	"PASS"	5	0.90995261	4	0.0900473933649288	0.819905216635071	NA	4.90995262345972	"5"	"5"
"22-B-012_2022-10-07_1_First"	"BCG_CT_2015"	"bug01"	0	0	0	0.214953271028037	0.78504673	0	1	"PASS"	5	0.78504673	4	0.214953271028037	0.570093458971963	NA	4.78504673411215	"5"	"5+"
"22-B-013_2022-10-07_1_First"	"BCG_CT_2015"	"bug01"	0	0	0.732718894009216	0.26728111	0	0	1	"PASS"	3	0.732718894009216	4	0.26728111	0.465437784009216	NA	3.26728112202765	"3"	"3-"
"22-B-014_2022-10-11_1_First"	"BCG_CT_2015"	"bug01"	0	0	0	0	1	0	1	"PASS"	5	1	NA	0	1	NA	5	"5"	"5"
"22-B-015_2022-10-11_1_First"	"BCG_CT_2015"	"bug01"	0	0	0	0	1	0	1	"PASS"	5	1	NA	0	1	NA	5	"5"	"5"
"22-B-016_2022-10-11_1_First"	"BCG_CT_2015"	"bug01"	0	0	0	1	0	0	1	"PASS"	4	1	NA	0	1	NA	4	"4"	"4"
"22-B-017_2022-10-11_2_First"	"BCG_CT_2015"	"bug01"	0	0	0.051643192488263	0.94835681	0	0	1	"PASS"	4	0.94835681	3	0.051643192488263	0.896713617511737	NA	3.94835681746479	"4"	"4"
"22-B-018_2022-10-12_1_First"	"BCG_CT_2015"	"bug01"	0	0	1	0	0	0	1	"PASS"	3	1	NA	0	1	NA	3	"3"	"3"
"22-B-019_2022-10-12_1_First"	"BCG_CT_2015"	"bug01"	0	0	0	1	0	0	1	"PASS"	4	1	NA	0	1	NA	4	"4"	"4"
"22-B-020_2022-10-12_1_First"	"BCG_CT_2015"	"bug01"	0	0.5	0.5	0	0	0	1	"PASS"	2	0.5	3	0.5	0	"tie"	2.5	"2.5"	"2/3 tie"
"22-B-021_2022-10-13_1_First"	"BCG_CT_2015"	"bug01"	0	0	0	0	1	0	1	"PASS"	5	1	NA	0	1	NA	5	"5"	"5"
"22-B-022_2022-10-13_1_Second"	"BCG_CT_2015"	"bug01"	0	0	0	0	1	0	1	"PASS"	5	1	NA	0	1	NA	5	"5"	"5"
"22-B-022_2022-10-13_2_First"	"BCG_CT_2015"	"bug01"	0	0	0	0.515151515151515	0.48484848	0	1	"PASS"	4	0.515151515151515	5	0.48484848	0.0303030351515151	"tie"	4.48484846060606	"4.5"	"4/5 tie"
"22-B-023_2022-10-13_1_First"	"BCG_CT_2015"	"bug01"	0	0	0	0	1	0	1	"PASS"	5	1	NA	0	1	NA	5	"5"	"5"
"22-B-024_2022-10-13_2_First"	"BCG_CT_2015"	"bug01"	0	0	0	0	1	0	1	"PASS"	5	1	NA	0	1	NA	5	"5"	"5"
"22-B-025_2022-10-13_1_First"	"BCG_CT_2015"	"bug01"	0	1	0	0	0	0	1	"PASS"	2	1	NA	0	1	NA	2	"2"	"2"
"22-B-026_2022-10-13_1_First"	"BCG_CT_2015"	"bug01"	0	0	1	0	0	0	1	"PASS"	3	1	NA	0	1	NA	3	"3"	"3"
"22-B-027_2022-10-13_1_First"	"BCG_CT_2015"	"bug01"	0	0.17741935483871	0.82258065	0	0	0	1	"PASS"	3	0.82258065	2	0.17741935483871	0.64516129516129	NA	2.82258065967742	"3"	"3+"
"22-B-028_2022-10-14_1_First"	"BCG_CT_2015"	"bug01"	0	0.0238095238095237	0.97619048	0	0	0	1	"PASS"	3	0.97619048	2	0.0238095238095237	0.952380956190476	NA	2.97619048761905	"3"	"3"
"22-B-028_2022-10-14_1_Second"	"BCG_CT_2015"	"bug01"	0	0.134146341463415	0.86585366	0	0	0	1	"PASS"	3	0.86585366	2	0.134146341463415	0.731707318536585	NA	2.86585366292683	"3"	"3+"
"22-B-029_2022-10-14_2_First"	"BCG_CT_2015"	"bug01"	0	0.0833333333333339	0.91666667	0	0	0	1	"PASS"	3	0.91666667	2	0.0833333333333339	0.833333336666666	NA	2.91666667666667	"3"	"3"
"22-B-030_2022-10-14_1_First"	"BCG_CT_2015"	"bug01"	0	1	0	0	0	0	1	"PASS"	2	1	NA	0	1	NA	2	"2"	"2"
"22-B-031_2022-10-14_1_First"	"BCG_CT_2015"	"bug01"	0	0	1	0	0	0	1	"PASS"	3	1	NA	0	1	NA	3	"3"	"3"
"22-B-032_2022-10-14_1_First"	"BCG_CT_2015"	"bug01"	0	0	0.113207547169811	0.88679245	0	0	1	"PASS"	4	0.88679245	3	0.113207547169811	0.773584902830189	NA	3.88679244150943	"4"	"4+"
"22-B-033_2022-10-14_1_First"	"BCG_CT_2015"	"bug01"	0	0.616279069767442	0.38372093	0	0	0	1	"PASS"	2	0.616279069767442	3	0.38372093	0.232558139767442	NA	2.38372092953488	"2"	"2-"
"22-B-034_2022-10-17_1_First"	"BCG_CT_2015"	"bug01"	0	0	1	0	0	0	1	"PASS"	3	1	NA	0	1	NA	3	"3"	"3"
"22-B-035_2022-10-17_2_First"	"BCG_CT_2015"	"bug01"	0	0	1	0	0	0	1	"PASS"	3	1	NA	0	1	NA	3	"3"	"3"
"22-B-036_2022-10-17_1_First"	"BCG_CT_2015"	"bug01"	0	0	1	0	0	0	1	"PASS"	3	1	NA	0	1	NA	3	"3"	"3"
"22-B-037_2022-10-17_1_First"	"BCG_CT_2015"	"bug01"	0	0.0714285714285712	0.92857143	0	0	0	1	"PASS"	3	0.92857143	2	0.0714285714285712	0.857142858571429	NA	2.92857143285714	"3"	"3"
"22-B-037_2022-10-17_1_Second"	"BCG_CT_2015"	"bug01"	0	0.5	0.5	0	0	0	1	"PASS"	2	0.5	3	0.5	0	"tie"	2.5	"2.5"	"2/3 tie"
"22-B-038_2022-10-17_1_First"	"BCG_CT_2015"	"bug01"	0	1	0	0	0	0	1	"PASS"	2	1	NA	0	1	NA	2	"2"	"2"
"22-B-039_2022-10-18_1_First"	"BCG_CT_2015"	"bug01"	0	1	0	0	0	0	1	"PASS"	2	1	NA	0	1	NA	2	"2"	"2"
"22-B-040_2022-10-18_1_First"	"BCG_CT_2015"	"bug01"	0	0	1	0	0	0	1	"PASS"	3	1	NA	0	1	NA	3	"3"	"3"
"22-B-041_2022-10-18_1_First"	"BCG_CT_2015"	"bug01"	0	0	1	0	0	0	1	"PASS"	3	1	NA	0	1	NA	3	"3"	"3"
"22-B-042_2022-10-19_1_First"	"BCG_CT_2015"	"bug01"	0	0	1	0	0	0	1	"PASS"	3	1	NA	0	1	NA	3	"3"	"3"
"22-B-043_2022-10-19_1_First"	"BCG_CT_2015"	"bug01"	0	0	0	0.101694915254237	0.89830508	0	1	"PASS"	5	0.89830508	4	0.101694915254237	0.796610164745763	NA	4.89830506101695	"5"	"5"
"22-B-044_2022-10-19_1_First"	"BCG_CT_2015"	"bug01"	0	0	0	0	1	0	1	"PASS"	5	1	NA	0	1	NA	5	"5"	"5"
"22-B-045_2022-10-19_1_First"	"BCG_CT_2015"	"bug01"	0	0	0.625	0.375	0	0	1	"PASS"	3	0.625	4	0.375	0.25	NA	3.375	"3"	"3-"
"22-B-046_2022-10-19_1_First"	"BCG_CT_2015"	"bug01"	0	0	1	0	0	0	1	"PASS"	3	1	NA	0	1	NA	3	"3"	"3"
"22-B-047_2022-10-21_1_First"	"BCG_CT_2015"	"bug01"	0	0	1	0	0	0	1	"PASS"	3	1	NA	0	1	NA	3	"3"	"3"
