"staSeq","avgBCG","minBCG","maxBCG","minBCG1","maxBCG1","nBCG","locationName","locationDescription","s_assessment"
14470,4,4,4,4,4,1,"Tankerhoosen River","upstream Tunnel Road","F"
15014,2,2,2,2,2,1,"Clark Creek","Upstream RTE 82 Culvert","F"
15015,4,4,4,4,4,1,"Seth Williams Brook","Behind Apartment buildings 10-11","F"
15244,5,5,5,5,5,1,"Cobble Brook","500 m ds of rte 341","N"
15393,2.63513514972973,2.63513514972973,2.63513514972973,3,3,1,"Cemetery Brook","DS Taft Pond Road at 4-H Horse camp entrance","F"
15499,3.21268655850746,2.5,3.92537311701492,2,4,2,"West Branch Salmon Brook","at Simsbury Road","F"
15592,4.16077816197707,4.00738005479705,4.31417626915709,4,4,2,"French Brook","at French Road","F"
15680,2.73809524380952,2.73809524380952,2.73809524380952,3,3,1,"Beaver Brook","upstream Beaver Brook Road in State Forest","F"
15796,3.46698112377359,3,3.93396224754717,3,4,2,"Pendleton Hill Brook","Upstream Grindstone Hill Road PENDLETON HILL BROOK NEAR CLARKS FALLS","F"
16028,3,3,3,3,3,1,"Carse Brook","between route 7 and mouth","F"
16038,3.26728112202765,3.26728112202765,3.26728112202765,3,3,1,"Deep Brook","at Baldwin Road","F"
16046,4.89830506101695,4.89830506101695,4.89830506101695,5,5,1,"Chidsey Brook","adjacent Avon Water company Well #3 (above Avon HS)","A"
16103,3.88679244150943,3.88679244150943,3.88679244150943,4,4,1,"Guinea Brook","downstream West Woods Road #2 at USGS gage","F"
16108,3.48401824547945,3.48401824547945,3.48401824547945,3,3,1,"Knowlton Brook","Between Cushman Rd and confluence with Squaw Hollow Brook","F"
16114,2.5,2.5,2.5,2,2,1,"Rugg Brook","US first road crossing from reservoir at #224 Old Waterbury Turnpike","F"
16119,2.82258065967742,2.82258065967742,2.82258065967742,3,3,1,"Day Pond Brook","at mouth","F"
16124,2,2,2,2,2,1,"Flat Brook","at Lower Barrack Road","F"
16127,2.84883721139535,2.84883721139535,2.84883721139535,3,3,1,"Jakes Brook","at Route 272","F"
16139,2.92105262684211,2.76315788052632,3,3,3,3,"Brown Brook","at Route 63","F"
16191,2.86363636772727,2.72727273545454,3,3,3,2,"Hall Meadow Brook","adjacent to Rte 272 across from South Norfolk lumber company","F"
16416,3,3,3,3,3,1,"Delphi Brook","adjacent  Delphi Road","F"
16496,4,4,4,4,4,1,"Beaver Brook","behind sprague town hall","F"
16583,3.97417840873239,3.94835681746479,4,4,4,2,"Comstock Brook","Above Nod Hill Rd","F"
16708,3,3,3,3,3,1,"Greenwood Brook","200 M DS of Rte 37","F"
16758,2.02830189641509,2.02830189641509,2.02830189641509,2,2,1,"Howell's Brook","DS of JCT of Mill St and Pond Hill Rd.","F"
16933,4.01779935508091,3.55339806524272,4.5,4,4,3,"Owens Brook","Parallel to Owens Bk Rd, 0.25 miles from JCTRte 10","F"
17141,3.375,3.375,3.375,3,3,1,"Cobble Brook, tributary to","Parallel to Rte 341","F"
17339,3,3,3,3,3,1,"Aggard Brook","above Delphi Rd","F"
17640,3,3,3,3,3,1,"Kent Falls Brook","Downstream Carter Road","F"
17816,3,3,3,3,3,1,"Indian Hut Brook","UPSTREAM OF SCHOOL HILL/EAST HILL RD (At Old Colony Road crossing)","F"
17981,4,4,4,4,4,1,"Judd Brook","OLD COLCHESTER RD/OLD HEBRON RD","F"
18795,5,5,5,5,5,2,"Mattabesset River","upstream of Glen Street","N"
19022,5,5,5,5,5,1,"Comstock Brook","downstream Middlebrook Farm Road","N"
19163,3,3,3,3,3,1,"Morgan Brook","Adj  Rte 44 below store","F"
19249,3,3,3,3,3,1,"Lake Hayward Brook","DS of Salem RD","F"
19588,4,4,4,4,4,1,"Roaring Brook","US of Weir Road","F"
19957,3,3,3,3,3,1,"Merryall Brook","~160 M US of Indian Trail Road","F"
20059,4.90995262345972,4.90995262345972,4.90995262345972,5,5,1,"Race Brook","Racebrook Tract hiking bridge crossing","A"
20079,2,2,2,2,2,1,"Gunn Brook","US Swifts Bridge Rd","F"
20122,2.64285713428571,2.64285713428571,2.64285713428571,3,3,1,"Deming Brook","850m upstream Under Mountain Road","F"
20229,4.78504673411215,4.78504673411215,4.78504673411215,5,5,1,"Race Brook","US of Lambert Rd, DS of golf course","A"
20321,2.25,2,2.5,2,2,2,"Slater Brook","475 m US of Slater Hill Rd","F"
20457,3.8011582965251,3.60231659305019,4,4,4,2,"West River","50m upstream from Hoadley Road","F"
20458,4.04181183824042,4,4.08362367648084,4,4,2,"Muddy River","315m upstream of Woodhouse Ave","F"
20459,3,3,3,3,3,2,"Wolf Pit Brook","290m downstream of Wolfpits Road","F"
20460,4,4,4,4,4,1,"Safford Brook","200m downstream of Barber Road","F"
20461,2.68867924443396,2.40566038528302,2.97169810358491,2,3,2,"Wigwam Brook","190m upstream of Blakeslee Road","F"
20524,3.23824449768025,3.23824449768025,3.23824449768025,3,3,1,"Stony Brook","500m NW from Lakewood Drive cul-de-sac","F"
20525,2.88461537076923,2.88461537076923,2.88461537076923,3,3,1,"Hart Brook","Access via Torrington Water Co. dirt road at end of Rock House Road","F"
20622,4.57843135980392,4.57843135980392,4.57843135980392,5,5,1,"French Brook","At end of Westridge Drive","A"
20625,4.30845770422886,4.30845770422886,4.30845770422886,4,4,1,"Rattlesnake Hill Brook","DS of Dowd Ave","F"
20632,2.91957027573752,2.86585366292683,2.97619048761905,3,3,3,"Roaring Brook","Above confluence with Blackberry River; on Laurelbrook Farm property","F"
20633,2.5,2.5,2.5,2,2,1,"Humes Brook","US of Sand Hill Rd","F"
20634,4.82828282020202,4.48484846060606,5,4,5,3,"Spoon Shop Brook","US of Maple Ave","A"
20635,5,5,5,5,5,1,"Browns Brook","DS of Governors Ln","N"
20636,3,3,3,3,3,1,"Nonewaug River, NNT to","DS of Magnolia Hill Rd","F"
20637,3,3,3,3,3,1,"Poland River, NNT to","US of Poland Brook Rd","F"
20638,2.71428571642857,2.5,2.92857143285714,2,3,2,"Choggam Brook","US of Skiff Mountain Rd","F"
20639,2.38372092953488,2.38372092953488,2.38372092953488,2,2,1,"Millard Brook","Behind house #94 and #120 on Whitcomb Hill Rd","F"
20640,3,3,3,3,3,1,"Foot Sawmill Brook","Behind house #40 on Stony Brook Dr","F"
20641,2,2,2,2,2,1,"Dickinson Creek","NW from end of Orchard Farms Rd (house #43)","F"
